INSERT INTO LesEpreuves (numEp, nomEp, formeEp, categorieEp, nbSportifsEp, dateEp) VALUES (1, 'Danse', 'par couple', 'mixte', 2, '2020-03-15 10:49:28');
INSERT INTO LesEpreuves (numEp, nomEp, formeEp, categorieEp, nbSportifsEp, dateEp) VALUES (2, 'Couple', 'par couple', 'mixte', 2, '2020-03-15 10:49:28');
INSERT INTO LesEpreuves (numEp, nomEp, formeEp, categorieEp, nbSportifsEp, dateEp) VALUES (3, 'Patinage', 'individuelle', 'feminin', null, '2020-03-17 10:49:28');
INSERT INTO LesEpreuves (numEp, nomEp, formeEp, categorieEp, nbSportifsEp, dateEp) VALUES (4, 'Patinage', 'individuelle', 'masculin', null, '2020-03-17 10:49:28');
INSERT INTO LesEpreuves (numEp, nomEp, formeEp, categorieEp, nbSportifsEp, dateEp) VALUES (5, 'Hockey Sur Glace', 'par equipe', 'masculin', null, '2020-03-21 10:49:28');
INSERT INTO LesEpreuves (numEp, nomEp, formeEp, categorieEp, nbSportifsEp, dateEp) VALUES (7, 'Curling', 'individuelle', 'masculin', null, '2020-03-22 10:49:28');
INSERT INTO LesEpreuves (numEp, nomEp, formeEp, categorieEp, nbSportifsEp, dateEp) VALUES (8, 'Descente', 'individuelle', 'masculin', null, '2020-03-22 10:49:28');
INSERT INTO LesEpreuves (numEp, nomEp, formeEp, categorieEp, nbSportifsEp, dateEp) VALUES (9, 'Descente', 'individuelle', 'feminin', null, '2020-04-01 10:49:28');
INSERT INTO LesEpreuves (numEp, nomEp, formeEp, categorieEp, nbSportifsEp, dateEp) VALUES (10, 'Slalom', 'individuelle', 'masculin', null, '2020-04-01 10:49:28');
INSERT INTO LesEpreuves (numEp, nomEp, formeEp, categorieEp, nbSportifsEp, dateEp) VALUES (11, 'Slalom', 'individuelle', 'feminin', null, '2020-04-03 10:49:28');
INSERT INTO LesEpreuves (numEp, nomEp, formeEp, categorieEp, nbSportifsEp, dateEp) VALUES (12, 'Geant', 'individuelle', 'feminin', null, '2020-04-03 10:49:28');
INSERT INTO LesEpreuves (numEp, nomEp, formeEp, categorieEp, nbSportifsEp, dateEp) VALUES (13, 'Geant', 'individuelle', 'masculin', null, '2020-04-03 10:49:28');
INSERT INTO LesEpreuves (numEp, nomEp, formeEp, categorieEp, nbSportifsEp, dateEp) VALUES (14, 'Super G', 'individuelle', 'feminin', null, '2020-04-04 10:49:28');
INSERT INTO LesEpreuves (numEp, nomEp, formeEp, categorieEp, nbSportifsEp, dateEp) VALUES (15, 'Super G', 'individuelle', 'masculin', null, '2020-04-04 10:49:28');
INSERT INTO LesEpreuves (numEp, nomEp, formeEp, categorieEp, nbSportifsEp, dateEp) VALUES (16, 'Combine', 'individuelle', 'masculin', null, '2020-04-04 10:49:28');
INSERT INTO LesEpreuves (numEp, nomEp, formeEp, categorieEp, nbSportifsEp, dateEp) VALUES (17, 'Combine', 'individuelle', 'feminin', null, '2020-04-04 10:49:28');
INSERT INTO LesEpreuves (numEp, nomEp, formeEp, categorieEp, nbSportifsEp, dateEp) VALUES (18, 'Vol a Ski', 'individuelle', 'masculin', null, '2020-04-04 10:49:28');
INSERT INTO LesEpreuves (numEp, nomEp, formeEp, categorieEp, nbSportifsEp, dateEp) VALUES (19, 'Tremplin 90', 'individuelle', 'masculin', null, '2020-04-05 10:49:28');
INSERT INTO LesEpreuves (numEp, nomEp, formeEp, categorieEp, nbSportifsEp, dateEp) VALUES (20, 'Combine Nordique', 'individuelle', 'masculin', null, '2020-04-06 10:49:28');
INSERT INTO LesEpreuves (numEp, nomEp, formeEp, categorieEp, nbSportifsEp, dateEp) VALUES (21, 'Biathlon', 'individuelle', 'masculin', null, '2020-04-06 10:49:28');
INSERT INTO LesEpreuves (numEp, nomEp, formeEp, categorieEp, nbSportifsEp, dateEp) VALUES (22, 'Biathlon', 'par equipe', 'masculin', 3, '2020-06-30 10:49:28');
INSERT INTO LesEpreuves (numEp, nomEp, formeEp, categorieEp, nbSportifsEp, dateEp) VALUES (23, 'Biathlon', 'individuelle', 'feminin', null, '2020-06-30 10:49:28');
INSERT INTO LesEpreuves (numEp, nomEp, formeEp, categorieEp, nbSportifsEp, dateEp) VALUES (24, 'Biathlon', 'par equipe', 'feminin', 3, '2020-06-30 10:49:28');
INSERT INTO LesEpreuves (numEp, nomEp, formeEp, categorieEp, nbSportifsEp, dateEp) VALUES (25, '5 KM Libre', 'individuelle', 'feminin', null, '2020-06-30 10:49:28');
INSERT INTO LesEpreuves (numEp, nomEp, formeEp, categorieEp, nbSportifsEp, dateEp) VALUES (26, '4 X 5 KM Libre', 'par equipe', 'feminin', 4, '2020-07-01 10:49:28');
INSERT INTO LesEpreuves (numEp, nomEp, formeEp, categorieEp, nbSportifsEp, dateEp) VALUES (27, '5 KM Classique', 'individuelle', 'feminin', null, '2020-07-01 10:49:28');
INSERT INTO LesEpreuves (numEp, nomEp, formeEp, categorieEp, nbSportifsEp, dateEp) VALUES (28, '4 X 5 KM Classique', 'par equipe', 'feminin', 4, '2020-07-01 10:49:28');
INSERT INTO LesEpreuves (numEp, nomEp, formeEp, categorieEp, nbSportifsEp, dateEp) VALUES (29, '10 KM Libre', 'individuelle', 'masculin', null, '2020-07-01 10:49:28');
INSERT INTO LesEpreuves (numEp, nomEp, formeEp, categorieEp, nbSportifsEp, dateEp) VALUES (30, '4 X 10 KM Libre', 'par equipe', 'masculin', 4, '2020-07-01 10:49:28');
INSERT INTO LesEpreuves (numEp, nomEp, formeEp, categorieEp, nbSportifsEp, dateEp) VALUES (31, '10 KM Classique', 'individuelle', 'masculin', null, '2020-07-02 10:49:28');
INSERT INTO LesEpreuves (numEp, nomEp, formeEp, categorieEp, nbSportifsEp, dateEp) VALUES (32, '4 X 10 KM Classique', 'par equipe', 'masculin', 4, '2020-07-02 10:49:28');
INSERT INTO LesEpreuves (numEp, nomEp, formeEp, categorieEp, nbSportifsEp, dateEp) VALUES (33, '30 KM Libre', 'individuelle', 'masculin', null, '2020-07-02 10:49:28');
INSERT INTO LesEpreuves (numEp, nomEp, formeEp, categorieEp, nbSportifsEp, dateEp) VALUES (34, '30 KM Libre', 'individuelle', 'feminin', null, '2020-07-03 10:49:28');
INSERT INTO LesEpreuves (numEp, nomEp, formeEp, categorieEp, nbSportifsEp, dateEp) VALUES (35, '30 KM Classique', 'individuelle', 'masculin', null, '2020-07-03 10:49:28');
INSERT INTO LesEpreuves (numEp, nomEp, formeEp, categorieEp, nbSportifsEp, dateEp) VALUES (36, '30 KM Classique', 'individuelle', 'feminin', null, '2020-07-04 10:49:28');
INSERT INTO LesEpreuves (numEp, nomEp, formeEp, categorieEp, nbSportifsEp, dateEp) VALUES (37, 'Bob a 4', 'par equipe', 'masculin', 4, null);
INSERT INTO LesEpreuves (numEp, nomEp, formeEp, categorieEp, nbSportifsEp, dateEp) VALUES (38, 'Bob a 8', 'par equipe', 'masculin', 8, null);
INSERT INTO LesEpreuves (numEp, nomEp, formeEp, categorieEp, nbSportifsEp, dateEp) VALUES (39, 'Luge', 'individuelle', 'feminin', null, null);
INSERT INTO LesEpreuves (numEp, nomEp, formeEp, categorieEp, nbSportifsEp, dateEp) VALUES (40, 'Luge', 'individuelle', 'masculin', null, null);
INSERT INTO LesEpreuves (numEp, nomEp, formeEp, categorieEp, nbSportifsEp, dateEp) VALUES (41, 'Luge a 2', 'par equipe', 'feminin', 2, null);
INSERT INTO LesEpreuves (numEp, nomEp, formeEp, categorieEp, nbSportifsEp, dateEp) VALUES (42, 'Luge a 2', 'par equipe', 'masculin', 2, null);

INSERT INTO LesSportifs_base (numSp, nomSp, prenomSp, pays, categorieSp, dateNaisSp) VALUES (1128, 'MARTIN', 'Arnaud', 'France', 'masculin', '1998-07-12 00:00:00');
INSERT INTO LesSportifs_base (numSp, nomSp, prenomSp, pays, categorieSp, dateNaisSp) VALUES (1129, 'MAURENT', 'Bernard', 'France', 'masculin', '1999-05-08 00:00:00');
INSERT INTO LesSportifs_base (numSp, nomSp, prenomSp, pays, categorieSp, dateNaisSp) VALUES (1130, 'MEYNENT', 'Alain', 'France', 'masculin', '1997-06-18 00:00:00');
INSERT INTO LesSportifs_base (numSp, nomSp, prenomSp, pays, categorieSp, dateNaisSp) VALUES (1131, 'PERRIN', 'Antoine', 'France', 'masculin', '1998-05-13 00:00:00');
INSERT INTO LesSportifs_base (numSp, nomSp, prenomSp, pays, categorieSp, dateNaisSp) VALUES (1132, 'PIERLAS', 'Bernard', 'France', 'masculin', '1999-06-07 00:00:00');
INSERT INTO LesSportifs_base (numSp, nomSp, prenomSp, pays, categorieSp, dateNaisSp) VALUES (1133, 'RECH', 'Benoit', 'France', 'masculin', '1999-02-07 00:00:00');
INSERT INTO LesSportifs_base (numSp, nomSp, prenomSp, pays, categorieSp, dateNaisSp) VALUES (1134, 'SHEEDY', 'Senan', 'France', 'masculin', '1989-05-23 00:00:00');
INSERT INTO LesSportifs_base (numSp, nomSp, prenomSp, pays, categorieSp, dateNaisSp) VALUES (1135, 'TOPOL', 'Alexandre', 'France', 'masculin', '1997-08-17 00:00:00');
INSERT INTO LesSportifs_base (numSp, nomSp, prenomSp, pays, categorieSp, dateNaisSp) VALUES (1136, 'BAYON', 'Gilles', 'Gabon', 'masculin', '1997-09-23 00:00:00');
INSERT INTO LesSportifs_base (numSp, nomSp, prenomSp, pays, categorieSp, dateNaisSp) VALUES (1137, 'ELISEI', 'Frederic', 'Gabon', 'masculin', '1996-11-27 00:00:00');
INSERT INTO LesSportifs_base (numSp, nomSp, prenomSp, pays, categorieSp, dateNaisSp) VALUES (1138, 'VERNAY', 'Francois', 'Gabon', 'masculin', '1996-02-01 00:00:00');
INSERT INTO LesSportifs_base (numSp, nomSp, prenomSp, pays, categorieSp, dateNaisSp) VALUES (1139, 'CHIRAT', 'Veronique', 'Grande Bretagne', 'feminin', '1992-03-08 00:00:00');
INSERT INTO LesSportifs_base (numSp, nomSp, prenomSp, pays, categorieSp, dateNaisSp) VALUES (1140, 'NGUYEN', 'Sylvie', 'Grande Bretagne', 'feminin', '1991-03-14 00:00:00');
INSERT INTO LesSportifs_base (numSp, nomSp, prenomSp, pays, categorieSp, dateNaisSp) VALUES (1141, 'DEGUET', 'Anton', 'Grande Bretagne', 'masculin', '1998-06-12 00:00:00');
INSERT INTO LesSportifs_base (numSp, nomSp, prenomSp, pays, categorieSp, dateNaisSp) VALUES (1142, 'GALLION', 'Bruno', 'Grande Bretagne', 'masculin', '1999-10-05 00:00:00');
INSERT INTO LesSportifs_base (numSp, nomSp, prenomSp, pays, categorieSp, dateNaisSp) VALUES (1143, 'KHADROUCHE', 'Akim', 'Grande Bretagne', 'masculin', '1997-05-19 00:00:00');
INSERT INTO LesSportifs_base (numSp, nomSp, prenomSp, pays, categorieSp, dateNaisSp) VALUES (1144, 'LE NEPVEU', 'Thierry', 'Grande Bretagne', 'masculin', '1991-11-09 00:00:00');
INSERT INTO LesSportifs_base (numSp, nomSp, prenomSp, pays, categorieSp, dateNaisSp) VALUES (1145, 'SALOMON', 'Christophe', 'USA', 'masculin', '1991-05-28 00:00:00');
INSERT INTO LesSportifs_base (numSp, nomSp, prenomSp, pays, categorieSp, dateNaisSp) VALUES (1146, 'WU', 'Chih-Chung', 'USA', 'masculin', '1990-08-31 00:00:00');
INSERT INTO LesSportifs_base (numSp, nomSp, prenomSp, pays, categorieSp, dateNaisSp) VALUES (1147, 'CHIESA', 'Geraldine', 'Ukraine', 'feminin', '1997-04-26 00:00:00');
INSERT INTO LesSportifs_base (numSp, nomSp, prenomSp, pays, categorieSp, dateNaisSp) VALUES (1148, 'DE CHOUDENS', 'Guillaume', 'Ukraine', 'masculin', '1997-12-22 00:00:00');
INSERT INTO LesSportifs_base (numSp, nomSp, prenomSp, pays, categorieSp, dateNaisSp) VALUES (1149, 'ELIE', 'Jacques', 'Ukraine', 'masculin', '1998-11-17 00:00:00');
INSERT INTO LesSportifs_base (numSp, nomSp, prenomSp, pays, categorieSp, dateNaisSp) VALUES (1150, 'GALTIER', 'Gerry', 'Ukraine', 'masculin', '1997-05-26 00:00:00');
INSERT INTO LesSportifs_base (numSp, nomSp, prenomSp, pays, categorieSp, dateNaisSp) VALUES (1151, 'GENEVE', 'Guillaume', 'Ukraine', 'masculin', '1998-01-21 00:00:00');
INSERT INTO LesSportifs_base (numSp, nomSp, prenomSp, pays, categorieSp, dateNaisSp) VALUES (1152, 'JULLIAND', 'Gregory', 'Ukraine', 'masculin', '1997-11-22 00:00:00');
INSERT INTO LesSportifs_base (numSp, nomSp, prenomSp, pays, categorieSp, dateNaisSp) VALUES (1153, 'LABORIE', 'Guillaume', 'Ukraine', 'masculin', '1998-02-20 00:00:00');
INSERT INTO LesSportifs_base (numSp, nomSp, prenomSp, pays, categorieSp, dateNaisSp) VALUES (1154, 'LELOUP', 'Herve', 'Ukraine', 'masculin', '1998-06-20 00:00:00');
INSERT INTO LesSportifs_base (numSp, nomSp, prenomSp, pays, categorieSp, dateNaisSp) VALUES (1155, 'MAILLIET', 'Guillaume', 'Ukraine', 'masculin', '1998-03-22 00:00:00');
INSERT INTO LesSportifs_base (numSp, nomSp, prenomSp, pays, categorieSp, dateNaisSp) VALUES (1156, 'ORTHEAU', 'Gilles', 'Ukraine', 'masculin', '1997-06-25 00:00:00');
INSERT INTO LesSportifs_base (numSp, nomSp, prenomSp, pays, categorieSp, dateNaisSp) VALUES (1157, 'PETITJEAN', 'Herve', 'Ukraine', 'masculin', '1998-07-20 00:00:00');
INSERT INTO LesSportifs_base (numSp, nomSp, prenomSp, pays, categorieSp, dateNaisSp) VALUES (1158, 'PETRAUD', 'Guillaume', 'Ukraine', 'masculin', '1998-04-21 00:00:00');
INSERT INTO LesSportifs_base (numSp, nomSp, prenomSp, pays, categorieSp, dateNaisSp) VALUES (1159, 'PONTON', 'Gilles', 'Ukraine', 'masculin', '1997-07-25 00:00:00');
INSERT INTO LesSportifs_base (numSp, nomSp, prenomSp, pays, categorieSp, dateNaisSp) VALUES (1160, 'POUTE DE PUYBAUDET', 'Gilles', 'Ukraine', 'masculin', '1997-08-24 00:00:00');
INSERT INTO LesSportifs_base (numSp, nomSp, prenomSp, pays, categorieSp, dateNaisSp) VALUES (1161, 'VAUDAUX', 'Hubert', 'Ukraine', 'masculin', '1998-09-18 00:00:00');
INSERT INTO LesSportifs_base (numSp, nomSp, prenomSp, pays, categorieSp, dateNaisSp) VALUES (1162, 'MATHEVET', 'Jerome', 'Irlande', 'masculin', '1980-12-06 00:00:00');
INSERT INTO LesSportifs_base (numSp, nomSp, prenomSp, pays, categorieSp, dateNaisSp) VALUES (1163, 'VAISSIERE', 'Jean-Luc', 'Irlande', 'masculin', '1999-12-12 00:00:00');
INSERT INTO LesSportifs_base (numSp, nomSp, prenomSp, pays, categorieSp, dateNaisSp) VALUES (1164, 'WOHLSCHLEGEL', 'Jean-Marc', 'Irlande', 'masculin', '1980-01-11 00:00:00');
INSERT INTO LesSportifs_base (numSp, nomSp, prenomSp, pays, categorieSp, dateNaisSp) VALUES (1165, 'BION', 'Beatrice', 'Italie', 'feminin', '1998-12-09 00:00:00');
INSERT INTO LesSportifs_base (numSp, nomSp, prenomSp, pays, categorieSp, dateNaisSp) VALUES (1166, 'BRUN', 'Caroline', 'Italie', 'feminin', '1999-12-04 00:00:00');
INSERT INTO LesSportifs_base (numSp, nomSp, prenomSp, pays, categorieSp, dateNaisSp) VALUES (1167, 'COLIN', 'Sandrine', 'Italie', 'feminin', '1988-10-25 00:00:00');
INSERT INTO LesSportifs_base (numSp, nomSp, prenomSp, pays, categorieSp, dateNaisSp) VALUES (1168, 'FRONT', 'Agnes', 'Italie', 'feminin', '1997-04-19 00:00:00');
INSERT INTO LesSportifs_base (numSp, nomSp, prenomSp, pays, categorieSp, dateNaisSp) VALUES (1169, 'MANGIN', 'Sandrine', 'Italie', 'feminin', '1988-11-24 00:00:00');
INSERT INTO LesSportifs_base (numSp, nomSp, prenomSp, pays, categorieSp, dateNaisSp) VALUES (1170, 'MURE-RAVAUD', 'Sandra', 'Italie', 'feminin', '1988-09-25 00:00:00');
INSERT INTO LesSportifs_base (numSp, nomSp, prenomSp, pays, categorieSp, dateNaisSp) VALUES (1171, 'ROQUES', 'Sandrine', 'Italie', 'feminin', '1988-12-24 00:00:00');
INSERT INTO LesSportifs_base (numSp, nomSp, prenomSp, pays, categorieSp, dateNaisSp) VALUES (1172, 'AWADA', 'Sami', 'Italie', 'masculin', '1988-08-26 00:00:00');
INSERT INTO LesSportifs_base (numSp, nomSp, prenomSp, pays, categorieSp, dateNaisSp) VALUES (1173, 'DESSENE', 'Thierry', 'Italie', 'masculin', '1991-07-12 00:00:00');
INSERT INTO LesSportifs_base (numSp, nomSp, prenomSp, pays, categorieSp, dateNaisSp) VALUES (1174, 'DOWLUT', 'Arvind', 'Italie', 'masculin', '1998-10-10 00:00:00');
INSERT INTO LesSportifs_base (numSp, nomSp, prenomSp, pays, categorieSp, dateNaisSp) VALUES (1175, 'DUMON', 'Richard', 'Italie', 'masculin', '1988-04-28 00:00:00');
INSERT INTO LesSportifs_base (numSp, nomSp, prenomSp, pays, categorieSp, dateNaisSp) VALUES (1176, 'GRELLIER', 'Thierry', 'Italie', 'masculin', '1991-08-11 00:00:00');
INSERT INTO LesSportifs_base (numSp, nomSp, prenomSp, pays, categorieSp, dateNaisSp) VALUES (1177, 'HAMIDECHE', 'Said', 'Italie', 'masculin', '1988-06-27 00:00:00');
INSERT INTO LesSportifs_base (numSp, nomSp, prenomSp, pays, categorieSp, dateNaisSp) VALUES (1178, 'JEANJEAN', 'Stephane', 'Italie', 'masculin', '1990-07-17 00:00:00');
INSERT INTO LesSportifs_base (numSp, nomSp, prenomSp, pays, categorieSp, dateNaisSp) VALUES (1179, 'LACHAUD', 'Thierry', 'Italie', 'masculin', '1991-09-10 00:00:00');
INSERT INTO LesSportifs_base (numSp, nomSp, prenomSp, pays, categorieSp, dateNaisSp) VALUES (1180, 'MARCELIN', 'Richard-Andre', 'Italie', 'masculin', '1988-05-28 00:00:00');
INSERT INTO LesSportifs_base (numSp, nomSp, prenomSp, pays, categorieSp, dateNaisSp) VALUES (1181, 'MEGY', 'Stephane', 'Italie', 'masculin', '1990-10-15 00:00:00');
INSERT INTO LesSportifs_base (numSp, nomSp, prenomSp, pays, categorieSp, dateNaisSp) VALUES (1182, 'REYNIER', 'Stephane', 'Italie', 'masculin', '1990-11-14 00:00:00');
INSERT INTO LesSportifs_base (numSp, nomSp, prenomSp, pays, categorieSp, dateNaisSp) VALUES (1183, 'SANDRAZ', 'Dominique', 'Italie', 'masculin', '1997-09-16 00:00:00');
INSERT INTO LesSportifs_base (numSp, nomSp, prenomSp, pays, categorieSp, dateNaisSp) VALUES (1184, 'SOUDAN', 'Sebastien', 'Italie', 'masculin', '1989-02-22 00:00:00');
INSERT INTO LesSportifs_base (numSp, nomSp, prenomSp, pays, categorieSp, dateNaisSp) VALUES (1185, 'TABEUTE', 'Bouchaib', 'Italie', 'masculin', '1999-07-07 00:00:00');
INSERT INTO LesSportifs_base (numSp, nomSp, prenomSp, pays, categorieSp, dateNaisSp) VALUES (1186, 'BRUN', 'Fabienne', 'Japon', 'feminin', '1994-11-08 00:00:00');
INSERT INTO LesSportifs_base (numSp, nomSp, prenomSp, pays, categorieSp, dateNaisSp) VALUES (1187, 'COFFY', 'Florence', 'Japon', 'feminin', '1995-05-07 00:00:00');
INSERT INTO LesSportifs_base (numSp, nomSp, prenomSp, pays, categorieSp, dateNaisSp) VALUES (1188, 'GUETTE', 'Florence', 'Japon', 'feminin', '1995-06-06 00:00:00');
INSERT INTO LesSportifs_base (numSp, nomSp, prenomSp, pays, categorieSp, dateNaisSp) VALUES (1189, 'GUYONNET', 'Florence', 'Japon', 'feminin', '1995-07-06 00:00:00');
INSERT INTO LesSportifs_base (numSp, nomSp, prenomSp, pays, categorieSp, dateNaisSp) VALUES (1190, 'BENET', 'Etienne', 'Japon', 'masculin', '1994-10-09 00:00:00');
INSERT INTO LesSportifs_base (numSp, nomSp, prenomSp, pays, categorieSp, dateNaisSp) VALUES (1191, 'GALLAY', 'Fabrice', 'Japon', 'masculin', '1994-12-08 00:00:00');
INSERT INTO LesSportifs_base (numSp, nomSp, prenomSp, pays, categorieSp, dateNaisSp) VALUES (1192, 'MANCUSO', 'Fabrizio', 'Japon', 'masculin', '1995-03-08 00:00:00');
INSERT INTO LesSportifs_base (numSp, nomSp, prenomSp, pays, categorieSp, dateNaisSp) VALUES (1193, 'PACIOCCO', 'Eric', 'Japon', 'masculin', '1994-01-12 00:00:00');
INSERT INTO LesSportifs_base (numSp, nomSp, prenomSp, pays, categorieSp, dateNaisSp) VALUES (1194, 'SCHMID', 'Eric', 'Japon', 'masculin', '1994-02-11 00:00:00');
INSERT INTO LesSportifs_base (numSp, nomSp, prenomSp, pays, categorieSp, dateNaisSp) VALUES (1195, 'ZIADE', 'Fahez', 'Japon', 'masculin', '1995-04-07 00:00:00');
INSERT INTO LesSportifs_base (numSp, nomSp, prenomSp, pays, categorieSp, dateNaisSp) VALUES (1196, 'GAY', 'Emmanuelle', 'Kenya', 'feminin', '1993-07-16 00:00:00');
INSERT INTO LesSportifs_base (numSp, nomSp, prenomSp, pays, categorieSp, dateNaisSp) VALUES (1197, 'CHERVIN', 'David', 'Kenya', 'masculin', '1992-07-21 00:00:00');
INSERT INTO LesSportifs_base (numSp, nomSp, prenomSp, pays, categorieSp, dateNaisSp) VALUES (1198, 'DAMMAN', 'David', 'Kenya', 'masculin', '1992-08-20 00:00:00');
INSERT INTO LesSportifs_base (numSp, nomSp, prenomSp, pays, categorieSp, dateNaisSp) VALUES (1199, 'ANCEAU', 'Estelle', 'Liechtenstein', 'feminin', '1994-08-10 00:00:00');
INSERT INTO LesSportifs_base (numSp, nomSp, prenomSp, pays, categorieSp, dateNaisSp) VALUES (1200, 'DESCHAUX-BLANC', 'Florence', 'Liechtenstein', 'feminin', '1995-08-05 00:00:00');
INSERT INTO LesSportifs_base (numSp, nomSp, prenomSp, pays, categorieSp, dateNaisSp) VALUES (1201, 'NIVON', 'Francoise', 'Liechtenstein', 'feminin', '1996-03-02 00:00:00');
INSERT INTO LesSportifs_base (numSp, nomSp, prenomSp, pays, categorieSp, dateNaisSp) VALUES (1202, 'FOUREL', 'Franck', 'Liechtenstein', 'masculin', '1995-11-03 00:00:00');
INSERT INTO LesSportifs_base (numSp, nomSp, prenomSp, pays, categorieSp, dateNaisSp) VALUES (1203, 'BERGER', 'Olivier', 'Lituanie', 'masculin', '1985-06-13 00:00:00');
INSERT INTO LesSportifs_base (numSp, nomSp, prenomSp, pays, categorieSp, dateNaisSp) VALUES (1204, 'CHANAS', 'Olivier', 'Lituanie', 'masculin', '1985-07-13 00:00:00');
INSERT INTO LesSportifs_base (numSp, nomSp, prenomSp, pays, categorieSp, dateNaisSp) VALUES (1205, 'DUMAS', 'Olivier', 'Lituanie', 'masculin', '1985-08-12 00:00:00');
INSERT INTO LesSportifs_base (numSp, nomSp, prenomSp, pays, categorieSp, dateNaisSp) VALUES (1206, 'MENEGHINI', 'Pascal', 'Lituanie', 'masculin', '1986-03-10 00:00:00');
INSERT INTO LesSportifs_base (numSp, nomSp, prenomSp, pays, categorieSp, dateNaisSp) VALUES (1207, 'NEYROUD', 'Olivier', 'Lituanie', 'masculin', '1985-09-11 00:00:00');
INSERT INTO LesSportifs_base (numSp, nomSp, prenomSp, pays, categorieSp, dateNaisSp) VALUES (1208, 'BEN AMOR', 'Karim', 'Luxembourg', 'masculin', '1981-04-05 00:00:00');
INSERT INTO LesSportifs_base (numSp, nomSp, prenomSp, pays, categorieSp, dateNaisSp) VALUES (1209, 'DESRICHARD', 'Julien', 'Luxembourg', 'masculin', '1981-02-04 00:00:00');
INSERT INTO LesSportifs_base (numSp, nomSp, prenomSp, pays, categorieSp, dateNaisSp) VALUES (1210, 'LACROIX', 'Julien', 'Luxembourg', 'masculin', '1981-03-06 00:00:00');
INSERT INTO LesSportifs_base (numSp, nomSp, prenomSp, pays, categorieSp, dateNaisSp) VALUES (1211, 'MARIR', 'Karim', 'Luxembourg', 'masculin', '1981-05-05 00:00:00');
INSERT INTO LesSportifs_base (numSp, nomSp, prenomSp, pays, categorieSp, dateNaisSp) VALUES (1212, 'MILLET', 'Jerome', 'Luxembourg', 'masculin', '1980-11-06 00:00:00');
INSERT INTO LesSportifs_base (numSp, nomSp, prenomSp, pays, categorieSp, dateNaisSp) VALUES (1213, 'CHAHBAZI', 'Poupak', 'Mexique', 'feminin', '1987-10-01 00:00:00');
INSERT INTO LesSportifs_base (numSp, nomSp, prenomSp, pays, categorieSp, dateNaisSp) VALUES (1214, 'TRAVERS', 'Rachel', 'Mexique', 'feminin', '1987-10-31 00:00:00');
INSERT INTO LesSportifs_base (numSp, nomSp, prenomSp, pays, categorieSp, dateNaisSp) VALUES (1215, 'BERNARD-PERROTTEY', 'Raphael', 'Mexique', 'masculin', '1987-12-30 00:00:00');
INSERT INTO LesSportifs_base (numSp, nomSp, prenomSp, pays, categorieSp, dateNaisSp) VALUES (1216, 'BERTRAND', 'Pierre-Yves', 'Mexique', 'masculin', '1987-09-01 00:00:00');
INSERT INTO LesSportifs_base (numSp, nomSp, prenomSp, pays, categorieSp, dateNaisSp) VALUES (1217, 'HASNOU', 'Rachid', 'Mexique', 'masculin', '1987-11-30 00:00:00');
INSERT INTO LesSportifs_base (numSp, nomSp, prenomSp, pays, categorieSp, dateNaisSp) VALUES (1218, 'BERNARD', 'Nathalie', 'Norvege', 'feminin', '1983-10-22 00:00:00');
INSERT INTO LesSportifs_base (numSp, nomSp, prenomSp, pays, categorieSp, dateNaisSp) VALUES (1219, 'BERTRAND', 'Nathalie', 'Norvege', 'feminin', '1983-11-21 00:00:00');
INSERT INTO LesSportifs_base (numSp, nomSp, prenomSp, pays, categorieSp, dateNaisSp) VALUES (1220, 'DE ROTALIER', 'Marie-Celine', 'Norvege', 'feminin', '1983-02-24 00:00:00');
INSERT INTO LesSportifs_base (numSp, nomSp, prenomSp, pays, categorieSp, dateNaisSp) VALUES (1221, 'KARAM', 'Myriam', 'Norvege', 'feminin', '1983-08-23 00:00:00');
INSERT INTO LesSportifs_base (numSp, nomSp, prenomSp, pays, categorieSp, dateNaisSp) VALUES (1222, 'ROZENKNOP', 'Nathalie', 'Norvege', 'feminin', '1983-12-21 00:00:00');
INSERT INTO LesSportifs_base (numSp, nomSp, prenomSp, pays, categorieSp, dateNaisSp) VALUES (1223, 'VILLEDIEU', 'Nathalie', 'Norvege', 'feminin', '1984-01-20 00:00:00');
INSERT INTO LesSportifs_base (numSp, nomSp, prenomSp, pays, categorieSp, dateNaisSp) VALUES (1224, 'DA VINHA', 'Manuel', 'Norvege', 'masculin', '1982-11-26 00:00:00');
INSERT INTO LesSportifs_base (numSp, nomSp, prenomSp, pays, categorieSp, dateNaisSp) VALUES (1225, 'FOMBARON', 'Marc', 'Norvege', 'masculin', '1982-12-26 00:00:00');
INSERT INTO LesSportifs_base (numSp, nomSp, prenomSp, pays, categorieSp, dateNaisSp) VALUES (1226, 'HOURDIN', 'Mathieu', 'Norvege', 'masculin', '1983-06-24 00:00:00');
INSERT INTO LesSportifs_base (numSp, nomSp, prenomSp, pays, categorieSp, dateNaisSp) VALUES (1227, 'CHOMAT', 'Stephane', 'Panama', 'masculin', '1990-02-17 00:00:00');
INSERT INTO LesSportifs_base (numSp, nomSp, prenomSp, pays, categorieSp, dateNaisSp) VALUES (1228, 'COULAND', 'Stephane', 'Panama', 'masculin', '1990-03-19 00:00:00');
INSERT INTO LesSportifs_base (numSp, nomSp, prenomSp, pays, categorieSp, dateNaisSp) VALUES (1229, 'PESEUX', 'Stephane', 'Panama', 'masculin', '1990-04-18 00:00:00');
INSERT INTO LesSportifs_base (numSp, nomSp, prenomSp, pays, categorieSp, dateNaisSp) VALUES (1230, 'RUAUD', 'Stephane', 'Panama', 'masculin', '1990-05-18 00:00:00');
INSERT INTO LesSportifs_base (numSp, nomSp, prenomSp, pays, categorieSp, dateNaisSp) VALUES (1231, 'BERNARDON', 'Marlene', 'pays Bas', 'feminin', '1983-05-25 00:00:00');
INSERT INTO LesSportifs_base (numSp, nomSp, prenomSp, pays, categorieSp, dateNaisSp) VALUES (1232, 'EBENGOU', 'Olga', 'pays Bas', 'feminin', '1984-11-15 00:00:00');
INSERT INTO LesSportifs_base (numSp, nomSp, prenomSp, pays, categorieSp, dateNaisSp) VALUES (1233, 'MANEVAL', 'Muriel', 'pays Bas', 'feminin', '1983-07-24 00:00:00');
INSERT INTO LesSportifs_base (numSp, nomSp, prenomSp, pays, categorieSp, dateNaisSp) VALUES (1234, 'PECOT', 'Nathalie', 'pays Bas', 'feminin', '1984-02-19 00:00:00');
INSERT INTO LesSportifs_base (numSp, nomSp, prenomSp, pays, categorieSp, dateNaisSp) VALUES (1235, 'TOURNIER', 'Marie-Laure', 'pays Bas', 'feminin', '1983-03-26 00:00:00');
INSERT INTO LesSportifs_base (numSp, nomSp, prenomSp, pays, categorieSp, dateNaisSp) VALUES (1236, 'CHAIX', 'Norbert', 'pays Bas', 'masculin', '1984-10-16 00:00:00');
INSERT INTO LesSportifs_base (numSp, nomSp, prenomSp, pays, categorieSp, dateNaisSp) VALUES (1237, 'GANDRIAU', 'Nicolas', 'pays Bas', 'masculin', '1984-07-18 00:00:00');
INSERT INTO LesSportifs_base (numSp, nomSp, prenomSp, pays, categorieSp, dateNaisSp) VALUES (1238, 'MIQUEL', 'Nicolas', 'pays Bas', 'masculin', '1984-08-17 00:00:00');
INSERT INTO LesSportifs_base (numSp, nomSp, prenomSp, pays, categorieSp, dateNaisSp) VALUES (1239, 'TISSERANT', 'Marc', 'pays Bas', 'masculin', '1983-01-25 00:00:00');
INSERT INTO LesSportifs_base (numSp, nomSp, prenomSp, pays, categorieSp, dateNaisSp) VALUES (1240, 'CROUZET', 'Frederic', 'Pologne', 'masculin', '1996-05-01 00:00:00');
INSERT INTO LesSportifs_base (numSp, nomSp, prenomSp, pays, categorieSp, dateNaisSp) VALUES (1241, 'DELEUZE', 'Frederic', 'Pologne', 'masculin', '1996-05-31 00:00:00');
INSERT INTO LesSportifs_base (numSp, nomSp, prenomSp, pays, categorieSp, dateNaisSp) VALUES (1242, 'KERSULEC', 'Frederic', 'Pologne', 'masculin', '1996-06-30 00:00:00');
INSERT INTO LesSportifs_base (numSp, nomSp, prenomSp, pays, categorieSp, dateNaisSp) VALUES (1243, 'KOENIG', 'Gerald', 'Pologne', 'masculin', '1997-03-27 00:00:00');
INSERT INTO LesSportifs_base (numSp, nomSp, prenomSp, pays, categorieSp, dateNaisSp) VALUES (1244, 'MONTIER', 'Frederic', 'Pologne', 'masculin', '1996-07-30 00:00:00');
INSERT INTO LesSportifs_base (numSp, nomSp, prenomSp, pays, categorieSp, dateNaisSp) VALUES (1245, 'NAHMANI', 'Frederic', 'Pologne', 'masculin', '1996-08-29 00:00:00');
INSERT INTO LesSportifs_base (numSp, nomSp, prenomSp, pays, categorieSp, dateNaisSp) VALUES (1246, 'PRIN', 'Frederic', 'Pologne', 'masculin', '1996-09-28 00:00:00');
INSERT INTO LesSportifs_base (numSp, nomSp, prenomSp, pays, categorieSp, dateNaisSp) VALUES (1247, 'ZANAROLI', 'Frederic', 'Pologne', 'masculin', '1996-10-28 00:00:00');
INSERT INTO LesSportifs_base (numSp, nomSp, prenomSp, pays, categorieSp, dateNaisSp) VALUES (1248, 'ARMAND', 'Patrice', 'Portugal', 'masculin', '1986-06-08 00:00:00');
INSERT INTO LesSportifs_base (numSp, nomSp, prenomSp, pays, categorieSp, dateNaisSp) VALUES (1249, 'CLEMENT', 'Patrick', 'Portugal', 'masculin', '1986-10-06 00:00:00');
INSERT INTO LesSportifs_base (numSp, nomSp, prenomSp, pays, categorieSp, dateNaisSp) VALUES (1250, 'LEININGER', 'Philippe', 'Portugal', 'masculin', '1987-04-04 00:00:00');
INSERT INTO LesSportifs_base (numSp, nomSp, prenomSp, pays, categorieSp, dateNaisSp) VALUES (1251, 'MAGNERON', 'Philippe', 'Portugal', 'masculin', '1987-05-04 00:00:00');
INSERT INTO LesSportifs_base (numSp, nomSp, prenomSp, pays, categorieSp, dateNaisSp) VALUES (1252, 'WOLSZTYNSKI', 'Pierre', 'Portugal', 'masculin', '1987-07-03 00:00:00');
INSERT INTO LesSportifs_base (numSp, nomSp, prenomSp, pays, categorieSp, dateNaisSp) VALUES (1253, 'DZEAKOU DJOUM', 'Patricia', 'Roumanie', 'feminin', '1986-07-08 00:00:00');
INSERT INTO LesSportifs_base (numSp, nomSp, prenomSp, pays, categorieSp, dateNaisSp) VALUES (1254, 'FRACHISSE', 'Patricia', 'Roumanie', 'feminin', '1986-08-07 00:00:00');
INSERT INTO LesSportifs_base (numSp, nomSp, prenomSp, pays, categorieSp, dateNaisSp) VALUES (1255, 'DELORME', 'Patrice', 'Roumanie', 'masculin', '1986-04-09 00:00:00');
INSERT INTO LesSportifs_base (numSp, nomSp, prenomSp, pays, categorieSp, dateNaisSp) VALUES (1256, 'LEBRUN', 'Patrice', 'Roumanie', 'masculin', '1986-05-09 00:00:00');
INSERT INTO LesSportifs_base (numSp, nomSp, prenomSp, pays, categorieSp, dateNaisSp) VALUES (1257, 'TRUCHET', 'Brigitte', 'Russie', 'feminin', '1999-08-06 00:00:00');
INSERT INTO LesSportifs_base (numSp, nomSp, prenomSp, pays, categorieSp, dateNaisSp) VALUES (1258, 'GODARD', 'Arnaud', 'Russie', 'masculin', '1998-08-11 00:00:00');
INSERT INTO LesSportifs_base (numSp, nomSp, prenomSp, pays, categorieSp, dateNaisSp) VALUES (1259, 'PIERREL', 'Arnaud', 'Russie', 'masculin', '1998-09-10 00:00:00');
INSERT INTO LesSportifs_base (numSp, nomSp, prenomSp, pays, categorieSp, dateNaisSp) VALUES (1260, 'AUBLET-CUVELIER', 'Laurent', 'Suede', 'masculin', '1981-12-01 00:00:00');
INSERT INTO LesSportifs_base (numSp, nomSp, prenomSp, pays, categorieSp, dateNaisSp) VALUES (1261, 'BOIVIN', 'Laurent', 'Suede', 'masculin', '1981-12-31 00:00:00');
INSERT INTO LesSportifs_base (numSp, nomSp, prenomSp, pays, categorieSp, dateNaisSp) VALUES (1262, 'GLENAZ', 'Laurent', 'Suede', 'masculin', '1982-03-01 00:00:00');
INSERT INTO LesSportifs_base (numSp, nomSp, prenomSp, pays, categorieSp, dateNaisSp) VALUES (1263, 'GROS', 'Laurent', 'Suede', 'masculin', '1982-03-31 00:00:00');
INSERT INTO LesSportifs_base (numSp, nomSp, prenomSp, pays, categorieSp, dateNaisSp) VALUES (1264, 'VIVIER', 'Laurent', 'Suede', 'masculin', '1982-04-30 00:00:00');
INSERT INTO LesSportifs_base (numSp, nomSp, prenomSp, pays, categorieSp, dateNaisSp) VALUES (1265, 'AIMARD', 'Emmanuelle', 'Suisse', 'feminin', '1993-05-17 00:00:00');
INSERT INTO LesSportifs_base (numSp, nomSp, prenomSp, pays, categorieSp, dateNaisSp) VALUES (1266, 'PRUDHOMME', 'Chrystelle', 'Suisse', 'feminin', '1991-10-25 00:00:00');
INSERT INTO LesSportifs_base (numSp, nomSp, prenomSp, pays, categorieSp, dateNaisSp) VALUES (1267, 'TELMON', 'Emmanuelle', 'Suisse', 'feminin', '1993-06-16 00:00:00');
INSERT INTO LesSportifs_base (numSp, nomSp, prenomSp, pays, categorieSp, dateNaisSp) VALUES (1268, 'THEIS', 'Delphine', 'Suisse', 'feminin', '1992-10-19 00:00:00');
INSERT INTO LesSportifs_base (numSp, nomSp, prenomSp, pays, categorieSp, dateNaisSp) VALUES (1269, 'BOISSEAU', 'Eric', 'Suisse', 'masculin', '1993-08-15 00:00:00');
INSERT INTO LesSportifs_base (numSp, nomSp, prenomSp, pays, categorieSp, dateNaisSp) VALUES (1270, 'BOUCHER', 'Eric', 'Suisse', 'masculin', '1993-09-14 00:00:00');
INSERT INTO LesSportifs_base (numSp, nomSp, prenomSp, pays, categorieSp, dateNaisSp) VALUES (1271, 'BOUQUEMONT', 'Eric', 'Suisse', 'masculin', '1993-10-14 00:00:00');
INSERT INTO LesSportifs_base (numSp, nomSp, prenomSp, pays, categorieSp, dateNaisSp) VALUES (1272, 'CARRAUX', 'Eric', 'Suisse', 'masculin', '1993-11-13 00:00:00');
INSERT INTO LesSportifs_base (numSp, nomSp, prenomSp, pays, categorieSp, dateNaisSp) VALUES (1273, 'GAUTHIER', 'Eric', 'Suisse', 'masculin', '1993-12-13 00:00:00');
INSERT INTO LesSportifs_base (numSp, nomSp, prenomSp, pays, categorieSp, dateNaisSp) VALUES (1274, 'HERAUDEAU', 'Claude', 'Suisse', 'masculin', '1991-12-24 00:00:00');
INSERT INTO LesSportifs_base (numSp, nomSp, prenomSp, pays, categorieSp, dateNaisSp) VALUES (1275, 'LENFANT', 'Cyriaque', 'Suisse', 'masculin', '1992-05-22 00:00:00');
INSERT INTO LesSportifs_base (numSp, nomSp, prenomSp, pays, categorieSp, dateNaisSp) VALUES (1276, 'NOAILLY', 'Emmanuel', 'Suisse', 'masculin', '1993-04-17 00:00:00');
INSERT INTO LesSportifs_base (numSp, nomSp, prenomSp, pays, categorieSp, dateNaisSp) VALUES (1277, 'TALLARON', 'Denis', 'Suisse', 'masculin', '1992-12-18 00:00:00');
INSERT INTO LesSportifs_base (numSp, nomSp, prenomSp, pays, categorieSp, dateNaisSp) VALUES (1278, 'BENISTAND', 'Pascal', 'Tchek-Slovaque', 'masculin', '1985-10-11 00:00:00');
INSERT INTO LesSportifs_base (numSp, nomSp, prenomSp, pays, categorieSp, dateNaisSp) VALUES (1279, 'HERAUD', 'Pascal', 'Tchek-Slovaque', 'masculin', '1985-11-10 00:00:00');
INSERT INTO LesSportifs_base (numSp, nomSp, prenomSp, pays, categorieSp, dateNaisSp) VALUES (1280, 'LEFRANCOIS', 'Pascal', 'Tchek-Slovaque', 'masculin', '1985-12-10 00:00:00');
INSERT INTO LesSportifs_base (numSp, nomSp, prenomSp, pays, categorieSp, dateNaisSp) VALUES (1281, 'ROUCHON', 'Pascal', 'Tchek-Slovaque', 'masculin', '1986-01-09 00:00:00');
INSERT INTO LesSportifs_base (numSp, nomSp, prenomSp, pays, categorieSp, dateNaisSp) VALUES (1282, 'AVENTURIER', 'Cecile', 'USA', 'feminin', '1990-02-02 00:00:00');
INSERT INTO LesSportifs_base (numSp, nomSp, prenomSp, pays, categorieSp, dateNaisSp) VALUES (1283, 'BENDIX', 'Cecilia', 'USA', 'feminin', '1990-05-03 00:00:00');
INSERT INTO LesSportifs_base (numSp, nomSp, prenomSp, pays, categorieSp, dateNaisSp) VALUES (1284, 'BROUSTAUT', 'Severine', 'USA', 'feminin', '1989-07-22 00:00:00');
INSERT INTO LesSportifs_base (numSp, nomSp, prenomSp, pays, categorieSp, dateNaisSp) VALUES (1285, 'CHARPY', 'Celia', 'USA', 'feminin', '1990-07-02 00:00:00');
INSERT INTO LesSportifs_base (numSp, nomSp, prenomSp, pays, categorieSp, dateNaisSp) VALUES (1286, 'DUBOIS-HECTOR', 'Cecile', 'USA', 'feminin', '1990-03-04 00:00:00');
INSERT INTO LesSportifs_base (numSp, nomSp, prenomSp, pays, categorieSp, dateNaisSp) VALUES (1287, 'DUMON', 'Sylvie', 'USA', 'feminin', '1991-02-12 00:00:00');
INSERT INTO LesSportifs_base (numSp, nomSp, prenomSp, pays, categorieSp, dateNaisSp) VALUES (1288, 'JURDIC', 'Yolande', 'USA', 'feminin', '1993-04-02 00:00:00');
INSERT INTO LesSportifs_base (numSp, nomSp, prenomSp, pays, categorieSp, dateNaisSp) VALUES (1289, 'ROUQUET', 'Christine', 'USA', 'feminin', '1990-11-29 00:00:00');
INSERT INTO LesSportifs_base (numSp, nomSp, prenomSp, pays, categorieSp, dateNaisSp) VALUES (1290, 'BERARD', 'Francois', 'USA', 'masculin', '1996-01-02 00:00:00');
INSERT INTO LesSportifs_base (numSp, nomSp, prenomSp, pays, categorieSp, dateNaisSp) VALUES (1291, 'BERNARDIN', 'Christophe', 'USA', 'masculin', '1991-01-28 00:00:00');
INSERT INTO LesSportifs_base (numSp, nomSp, prenomSp, pays, categorieSp, dateNaisSp) VALUES (1292, 'BERTHIER', 'Yann', 'USA', 'masculin', '1993-02-01 00:00:00');
INSERT INTO LesSportifs_base (numSp, nomSp, prenomSp, pays, categorieSp, dateNaisSp) VALUES (1293, 'BOLE-FEYSOT', 'Eric', 'USA', 'masculin', '1994-06-11 00:00:00');
INSERT INTO LesSportifs_base (numSp, nomSp, prenomSp, pays, categorieSp, dateNaisSp) VALUES (1294, 'BOUCARD', 'Thierry', 'USA', 'masculin', '1991-06-12 00:00:00');
INSERT INTO LesSportifs_base (numSp, nomSp, prenomSp, pays, categorieSp, dateNaisSp) VALUES (1295, 'CHASTAN', 'Eric', 'USA', 'masculin', '1994-07-11 00:00:00');
INSERT INTO LesSportifs_base (numSp, nomSp, prenomSp, pays, categorieSp, dateNaisSp) VALUES (1296, 'DAIMO', 'Cedric', 'USA', 'masculin', '1990-06-02 00:00:00');
INSERT INTO LesSportifs_base (numSp, nomSp, prenomSp, pays, categorieSp, dateNaisSp) VALUES (1297, 'DESCHAMPS', 'Christophe', 'USA', 'masculin', '1991-02-27 00:00:00');
INSERT INTO LesSportifs_base (numSp, nomSp, prenomSp, pays, categorieSp, dateNaisSp) VALUES (1298, 'ESCAT', 'Christophe', 'USA', 'masculin', '1991-03-29 00:00:00');
INSERT INTO LesSportifs_base (numSp, nomSp, prenomSp, pays, categorieSp, dateNaisSp) VALUES (1299, 'ESCAT', 'Stephane', 'USA', 'masculin', '1990-06-17 00:00:00');
INSERT INTO LesSportifs_base (numSp, nomSp, prenomSp, pays, categorieSp, dateNaisSp) VALUES (1300, 'GERFAUD-VALENTIN', 'Fabrice', 'USA', 'masculin', '1995-01-07 00:00:00');
INSERT INTO LesSportifs_base (numSp, nomSp, prenomSp, pays, categorieSp, dateNaisSp) VALUES (1301, 'GILLETTE', 'Christophe', 'USA', 'masculin', '1991-04-28 00:00:00');
INSERT INTO LesSportifs_base (numSp, nomSp, prenomSp, pays, categorieSp, dateNaisSp) VALUES (1302, 'JOUVE', 'Vincent', 'USA', 'masculin', '1992-05-07 00:00:00');
INSERT INTO LesSportifs_base (numSp, nomSp, prenomSp, pays, categorieSp, dateNaisSp) VALUES (1303, 'KOSCIELNY', 'Gautier', 'USA', 'masculin', '1997-02-25 00:00:00');
INSERT INTO LesSportifs_base (numSp, nomSp, prenomSp, pays, categorieSp, dateNaisSp) VALUES (1304, 'LECHAT', 'Fabrice', 'USA', 'masculin', '1995-02-06 00:00:00');
INSERT INTO LesSportifs_base (numSp, nomSp, prenomSp, pays, categorieSp, dateNaisSp) VALUES (1305, 'LISKA', 'Stephane', 'USA', 'masculin', '1990-09-15 00:00:00');
INSERT INTO LesSportifs_base (numSp, nomSp, prenomSp, pays, categorieSp, dateNaisSp) VALUES (1306, 'LYONNET', 'Franck', 'USA', 'masculin', '1995-12-03 00:00:00');
INSERT INTO LesSportifs_base (numSp, nomSp, prenomSp, pays, categorieSp, dateNaisSp) VALUES (1307, 'MANCINI', 'Frederic', 'USA', 'masculin', '1997-01-26 00:00:00');
INSERT INTO LesSportifs_base (numSp, nomSp, prenomSp, pays, categorieSp, dateNaisSp) VALUES (1308, 'MOREL-BAHLER', 'Christian', 'USA', 'masculin', '1990-09-30 00:00:00');
INSERT INTO LesSportifs_base (numSp, nomSp, prenomSp, pays, categorieSp, dateNaisSp) VALUES (1001, 'MARRON', 'Benjamin', 'Grande Bretagne', 'masculin', '1999-01-08 00:00:00');
INSERT INTO LesSportifs_base (numSp, nomSp, prenomSp, pays, categorieSp, dateNaisSp) VALUES (1002, 'BERNE', 'Pascal', 'Grece', 'masculin', '1986-02-08 00:00:00');
INSERT INTO LesSportifs_base (numSp, nomSp, prenomSp, pays, categorieSp, dateNaisSp) VALUES (1003, 'LAURENDEAU', 'Patrick', 'Grece', 'masculin', '1986-09-06 00:00:00');
INSERT INTO LesSportifs_base (numSp, nomSp, prenomSp, pays, categorieSp, dateNaisSp) VALUES (1004, 'ANTON', 'Stephanie', 'Honduras', 'masculin', '1990-12-14 00:00:00');
INSERT INTO LesSportifs_base (numSp, nomSp, prenomSp, pays, categorieSp, dateNaisSp) VALUES (1005, 'RAOUL', 'Thierry', 'Honduras', 'masculin', '1991-04-13 00:00:00');
INSERT INTO LesSportifs_base (numSp, nomSp, prenomSp, pays, categorieSp, dateNaisSp) VALUES (1006, 'VALLON', 'Thierry', 'Honduras', 'masculin', '1991-05-13 00:00:00');
INSERT INTO LesSportifs_base (numSp, nomSp, prenomSp, pays, categorieSp, dateNaisSp) VALUES (1007, 'BEAUREPAIRE', 'Olivier', 'Hongrie', 'masculin', '1984-12-15 00:00:00');
INSERT INTO LesSportifs_base (numSp, nomSp, prenomSp, pays, categorieSp, dateNaisSp) VALUES (1008, 'FOURMAUX', 'Olivier', 'Hongrie', 'masculin', '1985-01-14 00:00:00');
INSERT INTO LesSportifs_base (numSp, nomSp, prenomSp, pays, categorieSp, dateNaisSp) VALUES (1009, 'LOTITO', 'Noel', 'Hongrie', 'masculin', '1984-09-16 00:00:00');
INSERT INTO LesSportifs_base (numSp, nomSp, prenomSp, pays, categorieSp, dateNaisSp) VALUES (1010, 'NUSSWITZ', 'Nicolas', 'Hongrie', 'masculin', '1984-04-19 00:00:00');
INSERT INTO LesSportifs_base (numSp, nomSp, prenomSp, pays, categorieSp, dateNaisSp) VALUES (1011, 'PIETROLONARDO', 'Olivier', 'Hongrie', 'masculin', '1985-03-15 00:00:00');
INSERT INTO LesSportifs_base (numSp, nomSp, prenomSp, pays, categorieSp, dateNaisSp) VALUES (1012, 'RUSCON', 'Nicolas', 'Hongrie', 'masculin', '1984-05-19 00:00:00');
INSERT INTO LesSportifs_base (numSp, nomSp, prenomSp, pays, categorieSp, dateNaisSp) VALUES (1013, 'TSINGOS', 'Nicolas', 'Hongrie', 'masculin', '1984-06-18 00:00:00');
INSERT INTO LesSportifs_base (numSp, nomSp, prenomSp, pays, categorieSp, dateNaisSp) VALUES (1014, 'CANAVAGGIO', 'Jean-Francois', 'Irlande', 'masculin', '1999-07-15 00:00:00');
INSERT INTO LesSportifs_base (numSp, nomSp, prenomSp, pays, categorieSp, dateNaisSp) VALUES (1015, 'DAVID', 'Laurent', 'Irlande', 'masculin', '1982-01-30 00:00:00');
INSERT INTO LesSportifs_base (numSp, nomSp, prenomSp, pays, categorieSp, dateNaisSp) VALUES (1016, 'GERBI', 'Jean-Philippe', 'Irlande', 'masculin', '1980-06-09 00:00:00');
INSERT INTO LesSportifs_base (numSp, nomSp, prenomSp, pays, categorieSp, dateNaisSp) VALUES (1017, 'AUVITY', 'Delphine', 'Allemagne', 'feminin', '1992-11-18 00:00:00');
INSERT INTO LesSportifs_base (numSp, nomSp, prenomSp, pays, categorieSp, dateNaisSp) VALUES (1018, 'HOUDIER', 'Claire', 'Allemagne', 'feminin', '1991-11-24 00:00:00');
INSERT INTO LesSportifs_base (numSp, nomSp, prenomSp, pays, categorieSp, dateNaisSp) VALUES (1019, 'MANROT', 'Crystel', 'Allemagne', 'feminin', '1992-04-22 00:00:00');
INSERT INTO LesSportifs_base (numSp, nomSp, prenomSp, pays, categorieSp, dateNaisSp) VALUES (1020, 'RONAT', 'Sandrine', 'Allemagne', 'feminin', '1989-01-23 00:00:00');
INSERT INTO LesSportifs_base (numSp, nomSp, prenomSp, pays, categorieSp, dateNaisSp) VALUES (1021, 'ROUX-MOLLARD', 'Corinne', 'Allemagne', 'feminin', '1992-03-23 00:00:00');
INSERT INTO LesSportifs_base (numSp, nomSp, prenomSp, pays, categorieSp, dateNaisSp) VALUES (1022, 'BAUD', 'Claude', 'Allemagne', 'masculin', '1992-01-23 00:00:00');
INSERT INTO LesSportifs_base (numSp, nomSp, prenomSp, pays, categorieSp, dateNaisSp) VALUES (1023, 'CHARBONNIER', 'Christophe', 'Allemagne', 'masculin', '1991-07-27 00:00:00');
INSERT INTO LesSportifs_base (numSp, nomSp, prenomSp, pays, categorieSp, dateNaisSp) VALUES (1024, 'CONTE', 'Remy', 'Allemagne', 'masculin', '1988-02-28 00:00:00');
INSERT INTO LesSportifs_base (numSp, nomSp, prenomSp, pays, categorieSp, dateNaisSp) VALUES (1025, 'GERARDIN', 'Remy', 'Allemagne', 'masculin', '1988-03-29 00:00:00');
INSERT INTO LesSportifs_base (numSp, nomSp, prenomSp, pays, categorieSp, dateNaisSp) VALUES (1026, 'THIERY', 'Cyril', 'Allemagne', 'masculin', '1992-06-21 00:00:00');
INSERT INTO LesSportifs_base (numSp, nomSp, prenomSp, pays, categorieSp, dateNaisSp) VALUES (1027, 'TIAMIOU', 'Saliou', 'Allemagne', 'masculin', '1988-07-27 00:00:00');
INSERT INTO LesSportifs_base (numSp, nomSp, prenomSp, pays, categorieSp, dateNaisSp) VALUES (1028, 'VIGNIELLO', 'Serge', 'Allemagne', 'masculin', '1989-06-22 00:00:00');
INSERT INTO LesSportifs_base (numSp, nomSp, prenomSp, pays, categorieSp, dateNaisSp) VALUES (1029, 'YVOIR', 'Sebastien', 'Allemagne', 'masculin', '1989-03-24 00:00:00');
INSERT INTO LesSportifs_base (numSp, nomSp, prenomSp, pays, categorieSp, dateNaisSp) VALUES (1030, 'MOUNIER', 'Philippe', 'Australie', 'masculin', '1986-12-05 00:00:00');
INSERT INTO LesSportifs_base (numSp, nomSp, prenomSp, pays, categorieSp, dateNaisSp) VALUES (1031, 'RODRIGUEZ', 'Philippe', 'Australie', 'masculin', '1987-01-04 00:00:00');
INSERT INTO LesSportifs_base (numSp, nomSp, prenomSp, pays, categorieSp, dateNaisSp) VALUES (1032, 'BRULEY', 'Christophe', 'Autriche', 'masculin', '1991-06-27 00:00:00');
INSERT INTO LesSportifs_base (numSp, nomSp, prenomSp, pays, categorieSp, dateNaisSp) VALUES (1033, 'LE MEN', 'Stephane', 'Autriche', 'masculin', '1990-08-16 00:00:00');
INSERT INTO LesSportifs_base (numSp, nomSp, prenomSp, pays, categorieSp, dateNaisSp) VALUES (1034, 'MARTIN-MICHIELLOT', 'silvere', 'Autriche', 'masculin', '1989-08-21 00:00:00');
INSERT INTO LesSportifs_base (numSp, nomSp, prenomSp, pays, categorieSp, dateNaisSp) VALUES (1035, 'SENET', 'Christian', 'Autriche', 'masculin', '1990-10-30 00:00:00');
INSERT INTO LesSportifs_base (numSp, nomSp, prenomSp, pays, categorieSp, dateNaisSp) VALUES (1036, 'SIRVENT', 'Xavier', 'Autriche', 'masculin', '1992-12-03 00:00:00');
INSERT INTO LesSportifs_base (numSp, nomSp, prenomSp, pays, categorieSp, dateNaisSp) VALUES (1037, 'THUREL', 'Edith', 'Belgique', 'feminin', '1993-03-18 00:00:00');
INSERT INTO LesSportifs_base (numSp, nomSp, prenomSp, pays, categorieSp, dateNaisSp) VALUES (1038, 'FABRE', 'Christophe', 'Belgique', 'masculin', '1991-08-26 00:00:00');
INSERT INTO LesSportifs_base (numSp, nomSp, prenomSp, pays, categorieSp, dateNaisSp) VALUES (1039, 'GRANJARD', 'David', 'Belgique', 'masculin', '1992-09-19 00:00:00');
INSERT INTO LesSportifs_base (numSp, nomSp, prenomSp, pays, categorieSp, dateNaisSp) VALUES (1040, 'LALANNE', 'Denis', 'Belgique', 'masculin', '1993-01-17 00:00:00');
INSERT INTO LesSportifs_base (numSp, nomSp, prenomSp, pays, categorieSp, dateNaisSp) VALUES (1041, 'MACQUART', 'Christophe', 'Belgique', 'masculin', '1991-09-25 00:00:00');
INSERT INTO LesSportifs_base (numSp, nomSp, prenomSp, pays, categorieSp, dateNaisSp) VALUES (1042, 'PATRIGEON', 'Claude', 'Belgique', 'masculin', '1992-02-22 00:00:00');
INSERT INTO LesSportifs_base (numSp, nomSp, prenomSp, pays, categorieSp, dateNaisSp) VALUES (1043, 'CHEYNET', 'Philippe', 'Bresil', 'masculin', '1987-03-05 00:00:00');
INSERT INTO LesSportifs_base (numSp, nomSp, prenomSp, pays, categorieSp, dateNaisSp) VALUES (1044, 'GEHANT', 'Pierre-Michel', 'Bresil', 'masculin', '1987-08-02 00:00:00');
INSERT INTO LesSportifs_base (numSp, nomSp, prenomSp, pays, categorieSp, dateNaisSp) VALUES (1045, 'POURCHET', 'Regis', 'Bresil', 'masculin', '1988-01-29 00:00:00');
INSERT INTO LesSportifs_base (numSp, nomSp, prenomSp, pays, categorieSp, dateNaisSp) VALUES (1046, 'DI MARCO', 'Helene', 'Canada', 'feminin', '1998-05-21 00:00:00');
INSERT INTO LesSportifs_base (numSp, nomSp, prenomSp, pays, categorieSp, dateNaisSp) VALUES (1047, 'GASPARRO', 'Vanessa', 'Canada', 'feminin', '1992-01-08 00:00:00');
INSERT INTO LesSportifs_base (numSp, nomSp, prenomSp, pays, categorieSp, dateNaisSp) VALUES (1048, 'GIBERT', 'Veronique', 'Canada', 'feminin', '1992-02-07 00:00:00');
INSERT INTO LesSportifs_base (numSp, nomSp, prenomSp, pays, categorieSp, dateNaisSp) VALUES (1049, 'MONIN', 'Isabelle', 'Canada', 'feminin', '1998-10-18 00:00:00');
INSERT INTO LesSportifs_base (numSp, nomSp, prenomSp, pays, categorieSp, dateNaisSp) VALUES (1050, 'TRIOLLE', 'Valerie', 'Canada', 'feminin', '1991-12-09 00:00:00');
INSERT INTO LesSportifs_base (numSp, nomSp, prenomSp, pays, categorieSp, dateNaisSp) VALUES (1051, 'ARNOUX', 'Yannick', 'Canada', 'masculin', '1993-03-03 00:00:00');
INSERT INTO LesSportifs_base (numSp, nomSp, prenomSp, pays, categorieSp, dateNaisSp) VALUES (1052, 'BENEDETTO', 'Franck', 'Canada', 'masculin', '1995-10-04 00:00:00');
INSERT INTO LesSportifs_base (numSp, nomSp, prenomSp, pays, categorieSp, dateNaisSp) VALUES (1053, 'CAFFAREL', 'Florent', 'Canada', 'masculin', '1995-09-04 00:00:00');
INSERT INTO LesSportifs_base (numSp, nomSp, prenomSp, pays, categorieSp, dateNaisSp) VALUES (1054, 'CHARON', 'Jean-Pascal', 'Canada', 'masculin', '1980-04-10 00:00:00');
INSERT INTO LesSportifs_base (numSp, nomSp, prenomSp, pays, categorieSp, dateNaisSp) VALUES (1055, 'CORTESE', 'Freddy', 'Canada', 'masculin', '1996-04-01 00:00:00');
INSERT INTO LesSportifs_base (numSp, nomSp, prenomSp, pays, categorieSp, dateNaisSp) VALUES (1056, 'CRUZ-MERMY', 'Jerome', 'Canada', 'masculin', '1980-08-08 00:00:00');
INSERT INTO LesSportifs_base (numSp, nomSp, prenomSp, pays, categorieSp, dateNaisSp) VALUES (1057, 'DE COCK', 'Jerome', 'Canada', 'masculin', '1980-09-07 00:00:00');
INSERT INTO LesSportifs_base (numSp, nomSp, prenomSp, pays, categorieSp, dateNaisSp) VALUES (1058, 'DESCOURS', 'Herve', 'Canada', 'masculin', '1998-08-19 00:00:00');
INSERT INTO LesSportifs_base (numSp, nomSp, prenomSp, pays, categorieSp, dateNaisSp) VALUES (1059, 'DURON', 'Wilfrid', 'Canada', 'masculin', '1992-10-04 00:00:00');
INSERT INTO LesSportifs_base (numSp, nomSp, prenomSp, pays, categorieSp, dateNaisSp) VALUES (1060, 'EL MOUSSAOUI', 'Wassim', 'Canada', 'masculin', '1992-09-04 00:00:00');
INSERT INTO LesSportifs_base (numSp, nomSp, prenomSp, pays, categorieSp, dateNaisSp) VALUES (1061, 'FOURNIGAULT', 'Vincent', 'Canada', 'masculin', '1992-04-07 00:00:00');
INSERT INTO LesSportifs_base (numSp, nomSp, prenomSp, pays, categorieSp, dateNaisSp) VALUES (1062, 'FRANCHINI', 'Jean-Philippe', 'Canada', 'masculin', '1980-05-10 00:00:00');
INSERT INTO LesSportifs_base (numSp, nomSp, prenomSp, pays, categorieSp, dateNaisSp) VALUES (1063, 'GALOTTA', 'Giovanni', 'Canada', 'masculin', '1997-10-23 00:00:00');
INSERT INTO LesSportifs_base (numSp, nomSp, prenomSp, pays, categorieSp, dateNaisSp) VALUES (1064, 'KAPPES', 'Jean-Francois', 'Canada', 'masculin', '1999-08-14 00:00:00');
INSERT INTO LesSportifs_base (numSp, nomSp, prenomSp, pays, categorieSp, dateNaisSp) VALUES (1065, 'MAGNARD', 'Frederic', 'Canada', 'masculin', '1996-12-27 00:00:00');
INSERT INTO LesSportifs_base (numSp, nomSp, prenomSp, pays, categorieSp, dateNaisSp) VALUES (1066, 'MARANGOZOV', 'Vladimir', 'Canada', 'masculin', '1992-06-06 00:00:00');
INSERT INTO LesSportifs_base (numSp, nomSp, prenomSp, pays, categorieSp, dateNaisSp) VALUES (1067, 'MARTIN', 'Jerome', 'Canada', 'masculin', '1980-10-07 00:00:00');
INSERT INTO LesSportifs_base (numSp, nomSp, prenomSp, pays, categorieSp, dateNaisSp) VALUES (1068, 'MERIEUX', 'Xavier', 'Canada', 'masculin', '1992-11-03 00:00:00');
INSERT INTO LesSportifs_base (numSp, nomSp, prenomSp, pays, categorieSp, dateNaisSp) VALUES (1069, 'MOSLEH', 'Walid', 'Canada', 'masculin', '1992-07-06 00:00:00');
INSERT INTO LesSportifs_base (numSp, nomSp, prenomSp, pays, categorieSp, dateNaisSp) VALUES (1070, 'MOULIN', 'Yann', 'Canada', 'masculin', '1993-01-02 00:00:00');
INSERT INTO LesSportifs_base (numSp, nomSp, prenomSp, pays, categorieSp, dateNaisSp) VALUES (1071, 'YLLOUZ', 'Jacques', 'Canada', 'masculin', '1998-12-17 00:00:00');
INSERT INTO LesSportifs_base (numSp, nomSp, prenomSp, pays, categorieSp, dateNaisSp) VALUES (1072, 'YOUSSEF', 'Walid', 'Canada', 'masculin', '1992-08-05 00:00:00');
INSERT INTO LesSportifs_base (numSp, nomSp, prenomSp, pays, categorieSp, dateNaisSp) VALUES (1073, 'CHAPTAL', 'Estelle', 'Chine', 'feminin', '1994-09-09 00:00:00');
INSERT INTO LesSportifs_base (numSp, nomSp, prenomSp, pays, categorieSp, dateNaisSp) VALUES (1074, 'CHARRAS', 'Eric', 'Chine', 'masculin', '1994-03-13 00:00:00');
INSERT INTO LesSportifs_base (numSp, nomSp, prenomSp, pays, categorieSp, dateNaisSp) VALUES (1075, 'COPPEL', 'Eric', 'Chine', 'masculin', '1994-04-12 00:00:00');
INSERT INTO LesSportifs_base (numSp, nomSp, prenomSp, pays, categorieSp, dateNaisSp) VALUES (1076, 'PIASENTIN', 'Eric', 'Chine', 'masculin', '1994-05-12 00:00:00');
INSERT INTO LesSportifs_base (numSp, nomSp, prenomSp, pays, categorieSp, dateNaisSp) VALUES (1077, 'ARNOD-PRIN', 'Karine', 'Coree', 'feminin', '1981-06-04 00:00:00');
INSERT INTO LesSportifs_base (numSp, nomSp, prenomSp, pays, categorieSp, dateNaisSp) VALUES (1078, 'KONG', 'Lan-Heung', 'Coree', 'feminin', '1981-08-03 00:00:00');
INSERT INTO LesSportifs_base (numSp, nomSp, prenomSp, pays, categorieSp, dateNaisSp) VALUES (1079, 'AMABERT', 'Jean-Christophe', 'Coree', 'masculin', '1999-03-17 00:00:00');
INSERT INTO LesSportifs_base (numSp, nomSp, prenomSp, pays, categorieSp, dateNaisSp) VALUES (1080, 'CHANEAC', 'Jean-Francois', 'Coree', 'masculin', '1999-05-16 00:00:00');
INSERT INTO LesSportifs_base (numSp, nomSp, prenomSp, pays, categorieSp, dateNaisSp) VALUES (1081, 'COTTIER', 'Jean-Claude', 'Coree', 'masculin', '1999-04-16 00:00:00');
INSERT INTO LesSportifs_base (numSp, nomSp, prenomSp, pays, categorieSp, dateNaisSp) VALUES (1082, 'DE BENEDITTIS', 'Jean', 'Coree', 'masculin', '1999-01-16 00:00:00');
INSERT INTO LesSportifs_base (numSp, nomSp, prenomSp, pays, categorieSp, dateNaisSp) VALUES (1083, 'DEVAUD', 'Jean-Jacques', 'Coree', 'masculin', '1999-10-13 00:00:00');
INSERT INTO LesSportifs_base (numSp, nomSp, prenomSp, pays, categorieSp, dateNaisSp) VALUES (1084, 'DUBOIS', 'Jean-Remy', 'Coree', 'masculin', '1980-07-09 00:00:00');
INSERT INTO LesSportifs_base (numSp, nomSp, prenomSp, pays, categorieSp, dateNaisSp) VALUES (1085, 'GUDEFIN', 'Jean-Francois', 'Coree', 'masculin', '1999-06-15 00:00:00');
INSERT INTO LesSportifs_base (numSp, nomSp, prenomSp, pays, categorieSp, dateNaisSp) VALUES (1086, 'JAYET', 'Jean', 'Coree', 'masculin', '1999-02-15 00:00:00');
INSERT INTO LesSportifs_base (numSp, nomSp, prenomSp, pays, categorieSp, dateNaisSp) VALUES (1087, 'LEULLIER', 'Jerome', 'Coree', 'masculin', '1981-01-05 00:00:00');
INSERT INTO LesSportifs_base (numSp, nomSp, prenomSp, pays, categorieSp, dateNaisSp) VALUES (1088, 'MONTLAHUC', 'Jean-Jacques', 'Coree', 'masculin', '1999-11-12 00:00:00');
INSERT INTO LesSportifs_base (numSp, nomSp, prenomSp, pays, categorieSp, dateNaisSp) VALUES (1089, 'REY', 'Jean-Francois', 'Coree', 'masculin', '1999-09-13 00:00:00');
INSERT INTO LesSportifs_base (numSp, nomSp, prenomSp, pays, categorieSp, dateNaisSp) VALUES (1090, 'ROMEY', 'Jean-Marc', 'Coree', 'masculin', '1980-02-10 00:00:00');
INSERT INTO LesSportifs_base (numSp, nomSp, prenomSp, pays, categorieSp, dateNaisSp) VALUES (1091, 'TRIVI', 'Jean-Michel', 'Coree', 'masculin', '1980-03-11 00:00:00');
INSERT INTO LesSportifs_base (numSp, nomSp, prenomSp, pays, categorieSp, dateNaisSp) VALUES (1092, 'BRET', 'Celine', 'Espagne', 'feminin', '1990-08-01 00:00:00');
INSERT INTO LesSportifs_base (numSp, nomSp, prenomSp, pays, categorieSp, dateNaisSp) VALUES (1093, 'MOSCHETTO', 'Christine', 'Espagne', 'feminin', '1990-12-29 00:00:00');
INSERT INTO LesSportifs_base (numSp, nomSp, prenomSp, pays, categorieSp, dateNaisSp) VALUES (1094, 'SEGUIER', 'Catherine', 'Espagne', 'feminin', '1990-01-03 00:00:00');
INSERT INTO LesSportifs_base (numSp, nomSp, prenomSp, pays, categorieSp, dateNaisSp) VALUES (1095, 'ROBERTSON', 'Nancy', 'Estonie', 'feminin', '1983-09-22 00:00:00');
INSERT INTO LesSportifs_base (numSp, nomSp, prenomSp, pays, categorieSp, dateNaisSp) VALUES (1096, 'VESCO', 'Nathalie', 'Estonie', 'feminin', '1984-03-20 00:00:00');
INSERT INTO LesSportifs_base (numSp, nomSp, prenomSp, pays, categorieSp, dateNaisSp) VALUES (1097, 'DORNIER', 'Olivier', 'Estonie', 'masculin', '1985-05-14 00:00:00');
INSERT INTO LesSportifs_base (numSp, nomSp, prenomSp, pays, categorieSp, dateNaisSp) VALUES (1098, 'COLLET-BEILLON', 'Marie-Pierre', 'Finlande', 'feminin', '1983-04-25 00:00:00');
INSERT INTO LesSportifs_base (numSp, nomSp, prenomSp, pays, categorieSp, dateNaisSp) VALUES (1099, 'FRANCE', 'Laure', 'Finlande', 'feminin', '1981-09-02 00:00:00');
INSERT INTO LesSportifs_base (numSp, nomSp, prenomSp, pays, categorieSp, dateNaisSp) VALUES (1100, 'CASTRO', 'Lionel', 'Finlande', 'masculin', '1982-07-29 00:00:00');
INSERT INTO LesSportifs_base (numSp, nomSp, prenomSp, pays, categorieSp, dateNaisSp) VALUES (1101, 'CHAUDANSON', 'Lionel', 'Finlande', 'masculin', '1982-08-28 00:00:00');
INSERT INTO LesSportifs_base (numSp, nomSp, prenomSp, pays, categorieSp, dateNaisSp) VALUES (1102, 'DECLOEDT', 'Loic', 'Finlande', 'masculin', '1982-09-27 00:00:00');
INSERT INTO LesSportifs_base (numSp, nomSp, prenomSp, pays, categorieSp, dateNaisSp) VALUES (1103, 'MC CARTHY', 'Kevin', 'Finlande', 'masculin', '1981-07-04 00:00:00');
INSERT INTO LesSportifs_base (numSp, nomSp, prenomSp, pays, categorieSp, dateNaisSp) VALUES (1104, 'MESTRE', 'Lionel', 'Finlande', 'masculin', '1982-06-29 00:00:00');
INSERT INTO LesSportifs_base (numSp, nomSp, prenomSp, pays, categorieSp, dateNaisSp) VALUES (1105, 'SCHEIDECKER', 'Laurent', 'Finlande', 'masculin', '1982-05-30 00:00:00');
INSERT INTO LesSportifs_base (numSp, nomSp, prenomSp, pays, categorieSp, dateNaisSp) VALUES (1106, 'SEGAUD', 'Laurent', 'Finlande', 'masculin', '1981-10-02 00:00:00');
INSERT INTO LesSportifs_base (numSp, nomSp, prenomSp, pays, categorieSp, dateNaisSp) VALUES (1107, 'TOLLIUS-GLUSENKAMP', 'Laurent', 'Finlande', 'masculin', '1981-11-01 00:00:00');
INSERT INTO LesSportifs_base (numSp, nomSp, prenomSp, pays, categorieSp, dateNaisSp) VALUES (1108, 'VIGNERON', 'Luc', 'Finlande', 'masculin', '1982-10-27 00:00:00');
INSERT INTO LesSportifs_base (numSp, nomSp, prenomSp, pays, categorieSp, dateNaisSp) VALUES (1109, 'BORDON', 'Sophie', 'France', 'feminin', '1989-09-20 00:00:00');
INSERT INTO LesSportifs_base (numSp, nomSp, prenomSp, pays, categorieSp, dateNaisSp) VALUES (1110, 'CAMPANI', 'Carole', 'France', 'feminin', '1999-11-04 00:00:00');
INSERT INTO LesSportifs_base (numSp, nomSp, prenomSp, pays, categorieSp, dateNaisSp) VALUES (1111, 'CHARRIER', 'Annick', 'France', 'feminin', '1998-02-13 00:00:00');
INSERT INTO LesSportifs_base (numSp, nomSp, prenomSp, pays, categorieSp, dateNaisSp) VALUES (1112, 'DI', 'Sen', 'France', 'feminin', '1989-04-23 00:00:00');
INSERT INTO LesSportifs_base (numSp, nomSp, prenomSp, pays, categorieSp, dateNaisSp) VALUES (1113, 'DUTEL', 'Annick', 'France', 'feminin', '1998-03-14 00:00:00');
INSERT INTO LesSportifs_base (numSp, nomSp, prenomSp, pays, categorieSp, dateNaisSp) VALUES (1114, 'MATUSCHA', 'Alle', 'France', 'feminin', '1997-10-16 00:00:00');
INSERT INTO LesSportifs_base (numSp, nomSp, prenomSp, pays, categorieSp, dateNaisSp) VALUES (1115, 'PILLOUD', 'Andree', 'France', 'feminin', '1997-11-15 00:00:00');
INSERT INTO LesSportifs_base (numSp, nomSp, prenomSp, pays, categorieSp, dateNaisSp) VALUES (1116, 'REY', 'Sophie', 'France', 'feminin', '1989-10-20 00:00:00');
INSERT INTO LesSportifs_base (numSp, nomSp, prenomSp, pays, categorieSp, dateNaisSp) VALUES (1117, 'REYMOND', 'Annick', 'France', 'feminin', '1998-04-13 00:00:00');
INSERT INTO LesSportifs_base (numSp, nomSp, prenomSp, pays, categorieSp, dateNaisSp) VALUES (1118, 'SPALANZANI', 'Anne', 'France', 'feminin', '1997-12-15 00:00:00');
INSERT INTO LesSportifs_base (numSp, nomSp, prenomSp, pays, categorieSp, dateNaisSp) VALUES (1119, 'ZANON', 'Anne', 'France', 'feminin', '1998-01-14 00:00:00');
INSERT INTO LesSportifs_base (numSp, nomSp, prenomSp, pays, categorieSp, dateNaisSp) VALUES (1120, 'ANGELOTTI', 'Bruno', 'France', 'masculin', '1999-09-05 00:00:00');
INSERT INTO LesSportifs_base (numSp, nomSp, prenomSp, pays, categorieSp, dateNaisSp) VALUES (1121, 'BERNARD', 'Stephane', 'France', 'masculin', '1989-11-19 00:00:00');
INSERT INTO LesSportifs_base (numSp, nomSp, prenomSp, pays, categorieSp, dateNaisSp) VALUES (1122, 'BONAFE', 'Bernard', 'France', 'masculin', '1999-04-08 00:00:00');
INSERT INTO LesSportifs_base (numSp, nomSp, prenomSp, pays, categorieSp, dateNaisSp) VALUES (1123, 'BONHOMME', 'Stephane', 'France', 'masculin', '1989-12-19 00:00:00');
INSERT INTO LesSportifs_base (numSp, nomSp, prenomSp, pays, categorieSp, dateNaisSp) VALUES (1124, 'CHANNAC', 'Stephane', 'France', 'masculin', '1990-01-18 00:00:00');
INSERT INTO LesSportifs_base (numSp, nomSp, prenomSp, pays, categorieSp, dateNaisSp) VALUES (1125, 'DE SEQUEIRA', 'Alexis', 'France', 'masculin', '1997-09-16 00:00:00');
INSERT INTO LesSportifs_base (numSp, nomSp, prenomSp, pays, categorieSp, dateNaisSp) VALUES (1126, 'ERDEMLI', 'Attila', 'France', 'masculin', '1998-11-09 00:00:00');
INSERT INTO LesSportifs_base (numSp, nomSp, prenomSp, pays, categorieSp, dateNaisSp) VALUES (1127, 'LUTCHMUN', 'Alexander', 'France', 'masculin', '1997-07-18 00:00:00');

INSERT INTO LesEquipiers (numEq, numSp) VALUES (1, 1018);
INSERT INTO LesEquipiers (numEq, numSp) VALUES (1, 1019);
INSERT INTO LesEquipiers (numEq, numSp) VALUES (1, 1021);
INSERT INTO LesEquipiers (numEq, numSp) VALUES (2, 1023);
INSERT INTO LesEquipiers (numEq, numSp) VALUES (2, 1027);
INSERT INTO LesEquipiers (numEq, numSp) VALUES (2, 1028);
INSERT INTO LesEquipiers (numEq, numSp) VALUES (2, 1029);
INSERT INTO LesEquipiers (numEq, numSp) VALUES (4, 1017);
INSERT INTO LesEquipiers (numEq, numSp) VALUES (4, 1022);
INSERT INTO LesEquipiers (numEq, numSp) VALUES (6, 1032);
INSERT INTO LesEquipiers (numEq, numSp) VALUES (6, 1034);
INSERT INTO LesEquipiers (numEq, numSp) VALUES (7, 1032);
INSERT INTO LesEquipiers (numEq, numSp) VALUES (7, 1034);
INSERT INTO LesEquipiers (numEq, numSp) VALUES (7, 1035);
INSERT INTO LesEquipiers (numEq, numSp) VALUES (7, 1036);
INSERT INTO LesEquipiers (numEq, numSp) VALUES (8, 1038);
INSERT INTO LesEquipiers (numEq, numSp) VALUES (8, 1041);
INSERT INTO LesEquipiers (numEq, numSp) VALUES (9, 1046);
INSERT INTO LesEquipiers (numEq, numSp) VALUES (9, 1047);
INSERT INTO LesEquipiers (numEq, numSp) VALUES (9, 1049);
INSERT INTO LesEquipiers (numEq, numSp) VALUES (9, 1050);
INSERT INTO LesEquipiers (numEq, numSp) VALUES (10, 1047);
INSERT INTO LesEquipiers (numEq, numSp) VALUES (10, 1048);
INSERT INTO LesEquipiers (numEq, numSp) VALUES (10, 1050);
INSERT INTO LesEquipiers (numEq, numSp) VALUES (11, 1052);
INSERT INTO LesEquipiers (numEq, numSp) VALUES (11, 1053);
INSERT INTO LesEquipiers (numEq, numSp) VALUES (11, 1055);
INSERT INTO LesEquipiers (numEq, numSp) VALUES (11, 1056);
INSERT INTO LesEquipiers (numEq, numSp) VALUES (11, 1057);
INSERT INTO LesEquipiers (numEq, numSp) VALUES (11, 1059);
INSERT INTO LesEquipiers (numEq, numSp) VALUES (11, 1060);
INSERT INTO LesEquipiers (numEq, numSp) VALUES (11, 1062);
INSERT INTO LesEquipiers (numEq, numSp) VALUES (11, 1063);
INSERT INTO LesEquipiers (numEq, numSp) VALUES (11, 1066);
INSERT INTO LesEquipiers (numEq, numSp) VALUES (11, 1067);
INSERT INTO LesEquipiers (numEq, numSp) VALUES (11, 1068);
INSERT INTO LesEquipiers (numEq, numSp) VALUES (11, 1069);
INSERT INTO LesEquipiers (numEq, numSp) VALUES (11, 1072);
INSERT INTO LesEquipiers (numEq, numSp) VALUES (12, 1056);
INSERT INTO LesEquipiers (numEq, numSp) VALUES (12, 1061);
INSERT INTO LesEquipiers (numEq, numSp) VALUES (12, 1066);
INSERT INTO LesEquipiers (numEq, numSp) VALUES (12, 1067);
INSERT INTO LesEquipiers (numEq, numSp) VALUES (13, 1054);
INSERT INTO LesEquipiers (numEq, numSp) VALUES (13, 1057);
INSERT INTO LesEquipiers (numEq, numSp) VALUES (13, 1064);
INSERT INTO LesEquipiers (numEq, numSp) VALUES (13, 1067);
INSERT INTO LesEquipiers (numEq, numSp) VALUES (14, 1058);
INSERT INTO LesEquipiers (numEq, numSp) VALUES (14, 1064);
INSERT INTO LesEquipiers (numEq, numSp) VALUES (14, 1070);
INSERT INTO LesEquipiers (numEq, numSp) VALUES (14, 1071);
INSERT INTO LesEquipiers (numEq, numSp) VALUES (15, 1083);
INSERT INTO LesEquipiers (numEq, numSp) VALUES (15, 1084);
INSERT INTO LesEquipiers (numEq, numSp) VALUES (15, 1085);
INSERT INTO LesEquipiers (numEq, numSp) VALUES (15, 1087);
INSERT INTO LesEquipiers (numEq, numSp) VALUES (15, 1088);
INSERT INTO LesEquipiers (numEq, numSp) VALUES (15, 1089);
INSERT INTO LesEquipiers (numEq, numSp) VALUES (15, 1090);
INSERT INTO LesEquipiers (numEq, numSp) VALUES (15, 1091);
INSERT INTO LesEquipiers (numEq, numSp) VALUES (16, 1077);
INSERT INTO LesEquipiers (numEq, numSp) VALUES (16, 1082);
INSERT INTO LesEquipiers (numEq, numSp) VALUES (17, 1078);
INSERT INTO LesEquipiers (numEq, numSp) VALUES (17, 1086);
INSERT INTO LesEquipiers (numEq, numSp) VALUES (18, 1092);
INSERT INTO LesEquipiers (numEq, numSp) VALUES (18, 1093);
INSERT INTO LesEquipiers (numEq, numSp) VALUES (18, 1094);
INSERT INTO LesEquipiers (numEq, numSp) VALUES (19, 1095);
INSERT INTO LesEquipiers (numEq, numSp) VALUES (19, 1096);
INSERT INTO LesEquipiers (numEq, numSp) VALUES (20, 1098);
INSERT INTO LesEquipiers (numEq, numSp) VALUES (20, 1099);
INSERT INTO LesEquipiers (numEq, numSp) VALUES (21, 1101);
INSERT INTO LesEquipiers (numEq, numSp) VALUES (21, 1103);
INSERT INTO LesEquipiers (numEq, numSp) VALUES (21, 1105);
INSERT INTO LesEquipiers (numEq, numSp) VALUES (21, 1106);
INSERT INTO LesEquipiers (numEq, numSp) VALUES (22, 1101);
INSERT INTO LesEquipiers (numEq, numSp) VALUES (22, 1104);
INSERT INTO LesEquipiers (numEq, numSp) VALUES (22, 1105);
INSERT INTO LesEquipiers (numEq, numSp) VALUES (22, 1108);
INSERT INTO LesEquipiers (numEq, numSp) VALUES (23, 1102);
INSERT INTO LesEquipiers (numEq, numSp) VALUES (23, 1103);
INSERT INTO LesEquipiers (numEq, numSp) VALUES (23, 1105);
INSERT INTO LesEquipiers (numEq, numSp) VALUES (23, 1107);
INSERT INTO LesEquipiers (numEq, numSp) VALUES (24, 1100);
INSERT INTO LesEquipiers (numEq, numSp) VALUES (24, 1104);
INSERT INTO LesEquipiers (numEq, numSp) VALUES (24, 1105);
INSERT INTO LesEquipiers (numEq, numSp) VALUES (25, 1114);
INSERT INTO LesEquipiers (numEq, numSp) VALUES (25, 1130);
INSERT INTO LesEquipiers (numEq, numSp) VALUES (26, 1117);
INSERT INTO LesEquipiers (numEq, numSp) VALUES (26, 1135);
INSERT INTO LesEquipiers (numEq, numSp) VALUES (27, 1113);
INSERT INTO LesEquipiers (numEq, numSp) VALUES (27, 1127);
INSERT INTO LesEquipiers (numEq, numSp) VALUES (28, 1109);
INSERT INTO LesEquipiers (numEq, numSp) VALUES (28, 1112);
INSERT INTO LesEquipiers (numEq, numSp) VALUES (28, 1116);
INSERT INTO LesEquipiers (numEq, numSp) VALUES (29, 1111);
INSERT INTO LesEquipiers (numEq, numSp) VALUES (29, 1115);
INSERT INTO LesEquipiers (numEq, numSp) VALUES (29, 1118);
INSERT INTO LesEquipiers (numEq, numSp) VALUES (29, 1119);
INSERT INTO LesEquipiers (numEq, numSp) VALUES (30, 1001);
INSERT INTO LesEquipiers (numEq, numSp) VALUES (30, 1141);
INSERT INTO LesEquipiers (numEq, numSp) VALUES (30, 1142);
INSERT INTO LesEquipiers (numEq, numSp) VALUES (30, 1144);
INSERT INTO LesEquipiers (numEq, numSp) VALUES (33, 1007);
INSERT INTO LesEquipiers (numEq, numSp) VALUES (33, 1010);
INSERT INTO LesEquipiers (numEq, numSp) VALUES (33, 1012);
INSERT INTO LesEquipiers (numEq, numSp) VALUES (35, 1008);
INSERT INTO LesEquipiers (numEq, numSp) VALUES (35, 1009);
INSERT INTO LesEquipiers (numEq, numSp) VALUES (35, 1011);
INSERT INTO LesEquipiers (numEq, numSp) VALUES (35, 1012);
INSERT INTO LesEquipiers (numEq, numSp) VALUES (36, 1167);
INSERT INTO LesEquipiers (numEq, numSp) VALUES (36, 1181);
INSERT INTO LesEquipiers (numEq, numSp) VALUES (37, 1168);
INSERT INTO LesEquipiers (numEq, numSp) VALUES (37, 1169);
INSERT INTO LesEquipiers (numEq, numSp) VALUES (37, 1171);
INSERT INTO LesEquipiers (numEq, numSp) VALUES (38, 1166);
INSERT INTO LesEquipiers (numEq, numSp) VALUES (38, 1168);
INSERT INTO LesEquipiers (numEq, numSp) VALUES (38, 1171);
INSERT INTO LesEquipiers (numEq, numSp) VALUES (39, 1173);
INSERT INTO LesEquipiers (numEq, numSp) VALUES (39, 1178);
INSERT INTO LesEquipiers (numEq, numSp) VALUES (39, 1179);
INSERT INTO LesEquipiers (numEq, numSp) VALUES (40, 1172);
INSERT INTO LesEquipiers (numEq, numSp) VALUES (40, 1182);
INSERT INTO LesEquipiers (numEq, numSp) VALUES (40, 1184);
INSERT INTO LesEquipiers (numEq, numSp) VALUES (41, 1175);
INSERT INTO LesEquipiers (numEq, numSp) VALUES (41, 1177);
INSERT INTO LesEquipiers (numEq, numSp) VALUES (41, 1180);
INSERT INTO LesEquipiers (numEq, numSp) VALUES (42, 1176);
INSERT INTO LesEquipiers (numEq, numSp) VALUES (42, 1177);
INSERT INTO LesEquipiers (numEq, numSp) VALUES (42, 1184);
INSERT INTO LesEquipiers (numEq, numSp) VALUES (43, 1219);
INSERT INTO LesEquipiers (numEq, numSp) VALUES (43, 1221);
INSERT INTO LesEquipiers (numEq, numSp) VALUES (43, 1222);
INSERT INTO LesEquipiers (numEq, numSp) VALUES (43, 1223);
INSERT INTO LesEquipiers (numEq, numSp) VALUES (44, 1234);
INSERT INTO LesEquipiers (numEq, numSp) VALUES (44, 1239);
INSERT INTO LesEquipiers (numEq, numSp) VALUES (45, 1240);
INSERT INTO LesEquipiers (numEq, numSp) VALUES (45, 1241);
INSERT INTO LesEquipiers (numEq, numSp) VALUES (45, 1243);
INSERT INTO LesEquipiers (numEq, numSp) VALUES (45, 1247);
INSERT INTO LesEquipiers (numEq, numSp) VALUES (46, 1244);
INSERT INTO LesEquipiers (numEq, numSp) VALUES (46, 1245);
INSERT INTO LesEquipiers (numEq, numSp) VALUES (46, 1246);
INSERT INTO LesEquipiers (numEq, numSp) VALUES (47, 1242);
INSERT INTO LesEquipiers (numEq, numSp) VALUES (47, 1245);
INSERT INTO LesEquipiers (numEq, numSp) VALUES (47, 1246);
INSERT INTO LesEquipiers (numEq, numSp) VALUES (48, 1269);
INSERT INTO LesEquipiers (numEq, numSp) VALUES (48, 1270);
INSERT INTO LesEquipiers (numEq, numSp) VALUES (48, 1271);
INSERT INTO LesEquipiers (numEq, numSp) VALUES (48, 1272);
INSERT INTO LesEquipiers (numEq, numSp) VALUES (48, 1273);
INSERT INTO LesEquipiers (numEq, numSp) VALUES (48, 1275);
INSERT INTO LesEquipiers (numEq, numSp) VALUES (48, 1276);
INSERT INTO LesEquipiers (numEq, numSp) VALUES (48, 1277);
INSERT INTO LesEquipiers (numEq, numSp) VALUES (49, 1145);
INSERT INTO LesEquipiers (numEq, numSp) VALUES (49, 1292);
INSERT INTO LesEquipiers (numEq, numSp) VALUES (49, 1293);
INSERT INTO LesEquipiers (numEq, numSp) VALUES (49, 1294);
INSERT INTO LesEquipiers (numEq, numSp) VALUES (49, 1295);
INSERT INTO LesEquipiers (numEq, numSp) VALUES (49, 1297);
INSERT INTO LesEquipiers (numEq, numSp) VALUES (49, 1299);
INSERT INTO LesEquipiers (numEq, numSp) VALUES (49, 1300);
INSERT INTO LesEquipiers (numEq, numSp) VALUES (49, 1301);
INSERT INTO LesEquipiers (numEq, numSp) VALUES (49, 1302);
INSERT INTO LesEquipiers (numEq, numSp) VALUES (49, 1304);
INSERT INTO LesEquipiers (numEq, numSp) VALUES (49, 1305);
INSERT INTO LesEquipiers (numEq, numSp) VALUES (49, 1306);
INSERT INTO LesEquipiers (numEq, numSp) VALUES (50, 1289);
INSERT INTO LesEquipiers (numEq, numSp) VALUES (50, 1298);
INSERT INTO LesEquipiers (numEq, numSp) VALUES (51, 1283);
INSERT INTO LesEquipiers (numEq, numSp) VALUES (51, 1291);
INSERT INTO LesEquipiers (numEq, numSp) VALUES (52, 1285);
INSERT INTO LesEquipiers (numEq, numSp) VALUES (52, 1308);
INSERT INTO LesEquipiers (numEq, numSp) VALUES (53, 1278);
INSERT INTO LesEquipiers (numEq, numSp) VALUES (53, 1280);
INSERT INTO LesEquipiers (numEq, numSp) VALUES (54, 1148);
INSERT INTO LesEquipiers (numEq, numSp) VALUES (54, 1151);
INSERT INTO LesEquipiers (numEq, numSp) VALUES (54, 1153);
INSERT INTO LesEquipiers (numEq, numSp) VALUES (54, 1154);
INSERT INTO LesEquipiers (numEq, numSp) VALUES (54, 1155);
INSERT INTO LesEquipiers (numEq, numSp) VALUES (54, 1157);
INSERT INTO LesEquipiers (numEq, numSp) VALUES (54, 1158);
INSERT INTO LesEquipiers (numEq, numSp) VALUES (54, 1161);
INSERT INTO LesEquipiers (numEq, numSp) VALUES (55, 1270);
INSERT INTO LesEquipiers (numEq, numSp) VALUES (55, 1271);
INSERT INTO LesEquipiers (numEq, numSp) VALUES (55, 1272);
INSERT INTO LesEquipiers (numEq, numSp) VALUES (55, 1273);
INSERT INTO LesEquipiers (numEq, numSp) VALUES (55, 1274);
INSERT INTO LesEquipiers (numEq, numSp) VALUES (55, 1275);
INSERT INTO LesEquipiers (numEq, numSp) VALUES (55, 1276);
INSERT INTO LesEquipiers (numEq, numSp) VALUES (55, 1277);
INSERT INTO LesEquipiers (numEq, numSp) VALUES (60, 1120);
INSERT INTO LesEquipiers (numEq, numSp) VALUES (60, 1122);
INSERT INTO LesEquipiers (numEq, numSp) VALUES (60, 1123);
INSERT INTO LesEquipiers (numEq, numSp) VALUES (60, 1124);
INSERT INTO LesEquipiers (numEq, numSp) VALUES (60, 1126);
INSERT INTO LesEquipiers (numEq, numSp) VALUES (60, 1128);
INSERT INTO LesEquipiers (numEq, numSp) VALUES (60, 1129);
INSERT INTO LesEquipiers (numEq, numSp) VALUES (60, 1131);
INSERT INTO LesEquipiers (numEq, numSp) VALUES (60, 1132);
INSERT INTO LesEquipiers (numEq, numSp) VALUES (60, 1133);
INSERT INTO LesEquipiers (numEq, numSp) VALUES (60, 1134);
INSERT INTO LesEquipiers (numEq, numSp) VALUES (61, 1265);
INSERT INTO LesEquipiers (numEq, numSp) VALUES (61, 1267);
INSERT INTO LesEquipiers (numEq, numSp) VALUES (62, 1218);
INSERT INTO LesEquipiers (numEq, numSp) VALUES (62, 1224);
INSERT INTO LesEquipiers (numEq, numSp) VALUES (70, 1147);
INSERT INTO LesEquipiers (numEq, numSp) VALUES (70, 1150);
INSERT INTO LesEquipiers (numEq, numSp) VALUES (71, 1025);
INSERT INTO LesEquipiers (numEq, numSp) VALUES (71, 1026);
INSERT INTO LesEquipiers (numEq, numSp) VALUES (72, 1030);
INSERT INTO LesEquipiers (numEq, numSp) VALUES (72, 1031);
INSERT INTO LesEquipiers (numEq, numSp) VALUES (73, 1039);
INSERT INTO LesEquipiers (numEq, numSp) VALUES (73, 1042);
INSERT INTO LesEquipiers (numEq, numSp) VALUES (74, 1015);
INSERT INTO LesEquipiers (numEq, numSp) VALUES (74, 1016);
INSERT INTO LesEquipiers (numEq, numSp) VALUES (74, 1162);
INSERT INTO LesEquipiers (numEq, numSp) VALUES (74, 1164);
INSERT INTO LesEquipiers (numEq, numSp) VALUES (75, 1165);
INSERT INTO LesEquipiers (numEq, numSp) VALUES (75, 1170);
INSERT INTO LesEquipiers (numEq, numSp) VALUES (76, 1190);
INSERT INTO LesEquipiers (numEq, numSp) VALUES (76, 1191);
INSERT INTO LesEquipiers (numEq, numSp) VALUES (76, 1192);
INSERT INTO LesEquipiers (numEq, numSp) VALUES (76, 1193);
INSERT INTO LesEquipiers (numEq, numSp) VALUES (76, 1194);
INSERT INTO LesEquipiers (numEq, numSp) VALUES (76, 1195);
INSERT INTO LesEquipiers (numEq, numSp) VALUES (77, 1209);
INSERT INTO LesEquipiers (numEq, numSp) VALUES (77, 1210);
INSERT INTO LesEquipiers (numEq, numSp) VALUES (77, 1211);
INSERT INTO LesEquipiers (numEq, numSp) VALUES (77, 1212);
INSERT INTO LesEquipiers (numEq, numSp) VALUES (78, 1232);
INSERT INTO LesEquipiers (numEq, numSp) VALUES (78, 1233);
INSERT INTO LesEquipiers (numEq, numSp) VALUES (78, 1235);
INSERT INTO LesEquipiers (numEq, numSp) VALUES (79, 1282);
INSERT INTO LesEquipiers (numEq, numSp) VALUES (79, 1286);
INSERT INTO LesEquipiers (numEq, numSp) VALUES (79, 1287);
INSERT INTO LesEquipiers (numEq, numSp) VALUES (79, 1288);
INSERT INTO LesEquipiers (numEq, numSp) VALUES (80, 1149);
INSERT INTO LesEquipiers (numEq, numSp) VALUES (80, 1152);
INSERT INTO LesEquipiers (numEq, numSp) VALUES (80, 1156);
INSERT INTO LesEquipiers (numEq, numSp) VALUES (80, 1160);
INSERT INTO LesEquipiers (numEq, numSp) VALUES (81, 1109);
INSERT INTO LesEquipiers (numEq, numSp) VALUES (81, 1111);
INSERT INTO LesEquipiers (numEq, numSp) VALUES (81, 1112);
INSERT INTO LesEquipiers (numEq, numSp) VALUES (81, 1113);
INSERT INTO LesEquipiers (numEq, numSp) VALUES (83, 1231);
INSERT INTO LesEquipiers (numEq, numSp) VALUES (83, 1232);
INSERT INTO LesEquipiers (numEq, numSp) VALUES (83, 1233);
INSERT INTO LesEquipiers (numEq, numSp) VALUES (83, 1235);
INSERT INTO LesEquipiers (numEq, numSp) VALUES (84, 1005);
INSERT INTO LesEquipiers (numEq, numSp) VALUES (84, 1006);
INSERT INTO LesEquipiers (numEq, numSp) VALUES (90, 1033);
INSERT INTO LesEquipiers (numEq, numSp) VALUES (90, 1035);
INSERT INTO LesEquipiers (numEq, numSp) VALUES (91, 1038);
INSERT INTO LesEquipiers (numEq, numSp) VALUES (91, 1040);

INSERT INTO LesInscriptions (numIn, numEp) VALUES (1, 24);
INSERT INTO LesInscriptions (numIn, numEp) VALUES (2, 30);
INSERT INTO LesInscriptions (numIn, numEp) VALUES (2, 32);
INSERT INTO LesInscriptions (numIn, numEp) VALUES (4, 1);
INSERT INTO LesInscriptions (numIn, numEp) VALUES (6, 42);
INSERT INTO LesInscriptions (numIn, numEp) VALUES (7, 37);
INSERT INTO LesInscriptions (numIn, numEp) VALUES (8, 42);
INSERT INTO LesInscriptions (numIn, numEp) VALUES (9, 26);
INSERT INTO LesInscriptions (numIn, numEp) VALUES (9, 28);
INSERT INTO LesInscriptions (numIn, numEp) VALUES (10, 24);
INSERT INTO LesInscriptions (numIn, numEp) VALUES (11, 5);
INSERT INTO LesInscriptions (numIn, numEp) VALUES (12, 30);
INSERT INTO LesInscriptions (numIn, numEp) VALUES (12, 32);
INSERT INTO LesInscriptions (numIn, numEp) VALUES (13, 30);
INSERT INTO LesInscriptions (numIn, numEp) VALUES (13, 32);
INSERT INTO LesInscriptions (numIn, numEp) VALUES (14, 32);
INSERT INTO LesInscriptions (numIn, numEp) VALUES (15, 38);
INSERT INTO LesInscriptions (numIn, numEp) VALUES (16, 2);
INSERT INTO LesInscriptions (numIn, numEp) VALUES (17, 1);
INSERT INTO LesInscriptions (numIn, numEp) VALUES (18, 24);
INSERT INTO LesInscriptions (numIn, numEp) VALUES (19, 41);
INSERT INTO LesInscriptions (numIn, numEp) VALUES (20, 41);
INSERT INTO LesInscriptions (numIn, numEp) VALUES (21, 30);
INSERT INTO LesInscriptions (numIn, numEp) VALUES (21, 32);
INSERT INTO LesInscriptions (numIn, numEp) VALUES (22, 30);
INSERT INTO LesInscriptions (numIn, numEp) VALUES (22, 32);
INSERT INTO LesInscriptions (numIn, numEp) VALUES (23, 30);
INSERT INTO LesInscriptions (numIn, numEp) VALUES (23, 32);
INSERT INTO LesInscriptions (numIn, numEp) VALUES (24, 22);
INSERT INTO LesInscriptions (numIn, numEp) VALUES (25, 1);
INSERT INTO LesInscriptions (numIn, numEp) VALUES (26, 2);
INSERT INTO LesInscriptions (numIn, numEp) VALUES (27, 1);
INSERT INTO LesInscriptions (numIn, numEp) VALUES (28, 24);
INSERT INTO LesInscriptions (numIn, numEp) VALUES (29, 26);
INSERT INTO LesInscriptions (numIn, numEp) VALUES (29, 28);
INSERT INTO LesInscriptions (numIn, numEp) VALUES (30, 37);
INSERT INTO LesInscriptions (numIn, numEp) VALUES (33, 22);
INSERT INTO LesInscriptions (numIn, numEp) VALUES (35, 30);
INSERT INTO LesInscriptions (numIn, numEp) VALUES (36, 2);
INSERT INTO LesInscriptions (numIn, numEp) VALUES (37, 24);
INSERT INTO LesInscriptions (numIn, numEp) VALUES (38, 24);
INSERT INTO LesInscriptions (numIn, numEp) VALUES (39, 22);
INSERT INTO LesInscriptions (numIn, numEp) VALUES (40, 22);
INSERT INTO LesInscriptions (numIn, numEp) VALUES (41, 22);
INSERT INTO LesInscriptions (numIn, numEp) VALUES (42, 22);
INSERT INTO LesInscriptions (numIn, numEp) VALUES (43, 26);
INSERT INTO LesInscriptions (numIn, numEp) VALUES (44, 1);
INSERT INTO LesInscriptions (numIn, numEp) VALUES (45, 30);
INSERT INTO LesInscriptions (numIn, numEp) VALUES (45, 32);
INSERT INTO LesInscriptions (numIn, numEp) VALUES (46, 22);
INSERT INTO LesInscriptions (numIn, numEp) VALUES (47, 22);
INSERT INTO LesInscriptions (numIn, numEp) VALUES (48, 38);
INSERT INTO LesInscriptions (numIn, numEp) VALUES (49, 5);
INSERT INTO LesInscriptions (numIn, numEp) VALUES (50, 1);
INSERT INTO LesInscriptions (numIn, numEp) VALUES (51, 2);
INSERT INTO LesInscriptions (numIn, numEp) VALUES (52, 2);
INSERT INTO LesInscriptions (numIn, numEp) VALUES (53, 42);
INSERT INTO LesInscriptions (numIn, numEp) VALUES (54, 38);
INSERT INTO LesInscriptions (numIn, numEp) VALUES (55, 38);
INSERT INTO LesInscriptions (numIn, numEp) VALUES (60, 5);
INSERT INTO LesInscriptions (numIn, numEp) VALUES (61, 41);
INSERT INTO LesInscriptions (numIn, numEp) VALUES (62, 2);
INSERT INTO LesInscriptions (numIn, numEp) VALUES (70, 1);
INSERT INTO LesInscriptions (numIn, numEp) VALUES (71, 42);
INSERT INTO LesInscriptions (numIn, numEp) VALUES (72, 42);
INSERT INTO LesInscriptions (numIn, numEp) VALUES (73, 42);
INSERT INTO LesInscriptions (numIn, numEp) VALUES (74, 37);
INSERT INTO LesInscriptions (numIn, numEp) VALUES (75, 41);
INSERT INTO LesInscriptions (numIn, numEp) VALUES (76, 5);
INSERT INTO LesInscriptions (numIn, numEp) VALUES (77, 37);
INSERT INTO LesInscriptions (numIn, numEp) VALUES (78, 24);
INSERT INTO LesInscriptions (numIn, numEp) VALUES (79, 28);
INSERT INTO LesInscriptions (numIn, numEp) VALUES (80, 37);
INSERT INTO LesInscriptions (numIn, numEp) VALUES (81, 28);
INSERT INTO LesInscriptions (numIn, numEp) VALUES (83, 26);
INSERT INTO LesInscriptions (numIn, numEp) VALUES (84, 42);
INSERT INTO LesInscriptions (numIn, numEp) VALUES (90, 42);
INSERT INTO LesInscriptions (numIn, numEp) VALUES (91, 42);
INSERT INTO LesInscriptions (numIn, numEp) VALUES (1001, 31);
INSERT INTO LesInscriptions (numIn, numEp) VALUES (1002, 7);
INSERT INTO LesInscriptions (numIn, numEp) VALUES (1003, 40);
INSERT INTO LesInscriptions (numIn, numEp) VALUES (1004, 18);
INSERT INTO LesInscriptions (numIn, numEp) VALUES (1004, 19);
INSERT INTO LesInscriptions (numIn, numEp) VALUES (1005, 4);
INSERT INTO LesInscriptions (numIn, numEp) VALUES (1006, 7);
INSERT INTO LesInscriptions (numIn, numEp) VALUES (1007, 21);
INSERT INTO LesInscriptions (numIn, numEp) VALUES (1007, 29);
INSERT INTO LesInscriptions (numIn, numEp) VALUES (1007, 33);
INSERT INTO LesInscriptions (numIn, numEp) VALUES (1008, 35);
INSERT INTO LesInscriptions (numIn, numEp) VALUES (1009, 35);
INSERT INTO LesInscriptions (numIn, numEp) VALUES (1010, 33);
INSERT INTO LesInscriptions (numIn, numEp) VALUES (1011, 33);
INSERT INTO LesInscriptions (numIn, numEp) VALUES (1012, 33);
INSERT INTO LesInscriptions (numIn, numEp) VALUES (1012, 35);
INSERT INTO LesInscriptions (numIn, numEp) VALUES (1013, 7);
INSERT INTO LesInscriptions (numIn, numEp) VALUES (1014, 7);
INSERT INTO LesInscriptions (numIn, numEp) VALUES (1015, 7);
INSERT INTO LesInscriptions (numIn, numEp) VALUES (1016, 8);
INSERT INTO LesInscriptions (numIn, numEp) VALUES (1018, 3);
INSERT INTO LesInscriptions (numIn, numEp) VALUES (1019, 3);
INSERT INTO LesInscriptions (numIn, numEp) VALUES (1020, 3);
INSERT INTO LesInscriptions (numIn, numEp) VALUES (1021, 3);
INSERT INTO LesInscriptions (numIn, numEp) VALUES (1023, 29);
INSERT INTO LesInscriptions (numIn, numEp) VALUES (1023, 33);
INSERT INTO LesInscriptions (numIn, numEp) VALUES (1024, 20);
INSERT INTO LesInscriptions (numIn, numEp) VALUES (1025, 4);
INSERT INTO LesInscriptions (numIn, numEp) VALUES (1026, 7);
INSERT INTO LesInscriptions (numIn, numEp) VALUES (1027, 4);
INSERT INTO LesInscriptions (numIn, numEp) VALUES (1028, 4);
INSERT INTO LesInscriptions (numIn, numEp) VALUES (1029, 4);
INSERT INTO LesInscriptions (numIn, numEp) VALUES (1030, 8);
INSERT INTO LesInscriptions (numIn, numEp) VALUES (1031, 10);
INSERT INTO LesInscriptions (numIn, numEp) VALUES (1032, 40);
INSERT INTO LesInscriptions (numIn, numEp) VALUES (1033, 13);
INSERT INTO LesInscriptions (numIn, numEp) VALUES (1034, 7);
INSERT INTO LesInscriptions (numIn, numEp) VALUES (1035, 7);
INSERT INTO LesInscriptions (numIn, numEp) VALUES (1036, 7);
INSERT INTO LesInscriptions (numIn, numEp) VALUES (1037, 9);
INSERT INTO LesInscriptions (numIn, numEp) VALUES (1038, 8);
INSERT INTO LesInscriptions (numIn, numEp) VALUES (1040, 18);
INSERT INTO LesInscriptions (numIn, numEp) VALUES (1041, 8);
INSERT INTO LesInscriptions (numIn, numEp) VALUES (1042, 19);
INSERT INTO LesInscriptions (numIn, numEp) VALUES (1043, 7);
INSERT INTO LesInscriptions (numIn, numEp) VALUES (1043, 40);
INSERT INTO LesInscriptions (numIn, numEp) VALUES (1044, 20);
INSERT INTO LesInscriptions (numIn, numEp) VALUES (1045, 21);
INSERT INTO LesInscriptions (numIn, numEp) VALUES (1046, 9);
INSERT INTO LesInscriptions (numIn, numEp) VALUES (1047, 9);
INSERT INTO LesInscriptions (numIn, numEp) VALUES (1047, 11);
INSERT INTO LesInscriptions (numIn, numEp) VALUES (1048, 11);
INSERT INTO LesInscriptions (numIn, numEp) VALUES (1049, 9);
INSERT INTO LesInscriptions (numIn, numEp) VALUES (1050, 9);
INSERT INTO LesInscriptions (numIn, numEp) VALUES (1050, 11);
INSERT INTO LesInscriptions (numIn, numEp) VALUES (1051, 31);
INSERT INTO LesInscriptions (numIn, numEp) VALUES (1051, 35);
INSERT INTO LesInscriptions (numIn, numEp) VALUES (1054, 13);
INSERT INTO LesInscriptions (numIn, numEp) VALUES (1058, 15);
INSERT INTO LesInscriptions (numIn, numEp) VALUES (1059, 10);
INSERT INTO LesInscriptions (numIn, numEp) VALUES (1060, 10);
INSERT INTO LesInscriptions (numIn, numEp) VALUES (1061, 13);
INSERT INTO LesInscriptions (numIn, numEp) VALUES (1062, 10);
INSERT INTO LesInscriptions (numIn, numEp) VALUES (1063, 10);
INSERT INTO LesInscriptions (numIn, numEp) VALUES (1064, 13);
INSERT INTO LesInscriptions (numIn, numEp) VALUES (1064, 15);
INSERT INTO LesInscriptions (numIn, numEp) VALUES (1065, 29);
INSERT INTO LesInscriptions (numIn, numEp) VALUES (1066, 10);
INSERT INTO LesInscriptions (numIn, numEp) VALUES (1066, 13);
INSERT INTO LesInscriptions (numIn, numEp) VALUES (1067, 10);
INSERT INTO LesInscriptions (numIn, numEp) VALUES (1067, 13);
INSERT INTO LesInscriptions (numIn, numEp) VALUES (1068, 10);
INSERT INTO LesInscriptions (numIn, numEp) VALUES (1069, 10);
INSERT INTO LesInscriptions (numIn, numEp) VALUES (1070, 15);
INSERT INTO LesInscriptions (numIn, numEp) VALUES (1071, 15);
INSERT INTO LesInscriptions (numIn, numEp) VALUES (1072, 4);
INSERT INTO LesInscriptions (numIn, numEp) VALUES (1073, 3);
INSERT INTO LesInscriptions (numIn, numEp) VALUES (1074, 18);
INSERT INTO LesInscriptions (numIn, numEp) VALUES (1074, 19);
INSERT INTO LesInscriptions (numIn, numEp) VALUES (1075, 40);
INSERT INTO LesInscriptions (numIn, numEp) VALUES (1076, 31);
INSERT INTO LesInscriptions (numIn, numEp) VALUES (1078, 17);
INSERT INTO LesInscriptions (numIn, numEp) VALUES (1079, 8);
INSERT INTO LesInscriptions (numIn, numEp) VALUES (1079, 15);
INSERT INTO LesInscriptions (numIn, numEp) VALUES (1079, 16);
INSERT INTO LesInscriptions (numIn, numEp) VALUES (1080, 18);
INSERT INTO LesInscriptions (numIn, numEp) VALUES (1080, 19);
INSERT INTO LesInscriptions (numIn, numEp) VALUES (1081, 4);
INSERT INTO LesInscriptions (numIn, numEp) VALUES (1083, 15);
INSERT INTO LesInscriptions (numIn, numEp) VALUES (1084, 15);
INSERT INTO LesInscriptions (numIn, numEp) VALUES (1085, 15);
INSERT INTO LesInscriptions (numIn, numEp) VALUES (1086, 16);
INSERT INTO LesInscriptions (numIn, numEp) VALUES (1087, 15);
INSERT INTO LesInscriptions (numIn, numEp) VALUES (1088, 15);
INSERT INTO LesInscriptions (numIn, numEp) VALUES (1089, 15);
INSERT INTO LesInscriptions (numIn, numEp) VALUES (1090, 15);
INSERT INTO LesInscriptions (numIn, numEp) VALUES (1091, 15);
INSERT INTO LesInscriptions (numIn, numEp) VALUES (1092, 23);
INSERT INTO LesInscriptions (numIn, numEp) VALUES (1092, 25);
INSERT INTO LesInscriptions (numIn, numEp) VALUES (1093, 17);
INSERT INTO LesInscriptions (numIn, numEp) VALUES (1094, 17);
INSERT INTO LesInscriptions (numIn, numEp) VALUES (1095, 23);
INSERT INTO LesInscriptions (numIn, numEp) VALUES (1096, 23);
INSERT INTO LesInscriptions (numIn, numEp) VALUES (1097, 33);
INSERT INTO LesInscriptions (numIn, numEp) VALUES (1098, 39);
INSERT INTO LesInscriptions (numIn, numEp) VALUES (1099, 17);
INSERT INTO LesInscriptions (numIn, numEp) VALUES (1100, 21);
INSERT INTO LesInscriptions (numIn, numEp) VALUES (1100, 31);
INSERT INTO LesInscriptions (numIn, numEp) VALUES (1101, 21);
INSERT INTO LesInscriptions (numIn, numEp) VALUES (1101, 33);
INSERT INTO LesInscriptions (numIn, numEp) VALUES (1102, 29);
INSERT INTO LesInscriptions (numIn, numEp) VALUES (1102, 31);
INSERT INTO LesInscriptions (numIn, numEp) VALUES (1102, 35);
INSERT INTO LesInscriptions (numIn, numEp) VALUES (1103, 21);
INSERT INTO LesInscriptions (numIn, numEp) VALUES (1104, 21);
INSERT INTO LesInscriptions (numIn, numEp) VALUES (1105, 21);
INSERT INTO LesInscriptions (numIn, numEp) VALUES (1106, 21);
INSERT INTO LesInscriptions (numIn, numEp) VALUES (1107, 21);
INSERT INTO LesInscriptions (numIn, numEp) VALUES (1108, 21);
INSERT INTO LesInscriptions (numIn, numEp) VALUES (1109, 23);
INSERT INTO LesInscriptions (numIn, numEp) VALUES (1109, 36);
INSERT INTO LesInscriptions (numIn, numEp) VALUES (1110, 39);
INSERT INTO LesInscriptions (numIn, numEp) VALUES (1111, 25);
INSERT INTO LesInscriptions (numIn, numEp) VALUES (1111, 27);
INSERT INTO LesInscriptions (numIn, numEp) VALUES (1111, 36);
INSERT INTO LesInscriptions (numIn, numEp) VALUES (1112, 27);
INSERT INTO LesInscriptions (numIn, numEp) VALUES (1112, 36);
INSERT INTO LesInscriptions (numIn, numEp) VALUES (1113, 27);
INSERT INTO LesInscriptions (numIn, numEp) VALUES (1113, 36);
INSERT INTO LesInscriptions (numIn, numEp) VALUES (1114, 25);
INSERT INTO LesInscriptions (numIn, numEp) VALUES (1115, 25);
INSERT INTO LesInscriptions (numIn, numEp) VALUES (1116, 27);
INSERT INTO LesInscriptions (numIn, numEp) VALUES (1117, 25);
INSERT INTO LesInscriptions (numIn, numEp) VALUES (1118, 25);
INSERT INTO LesInscriptions (numIn, numEp) VALUES (1119, 34);
INSERT INTO LesInscriptions (numIn, numEp) VALUES (1121, 4);
INSERT INTO LesInscriptions (numIn, numEp) VALUES (1125, 40);
INSERT INTO LesInscriptions (numIn, numEp) VALUES (1126, 35);
INSERT INTO LesInscriptions (numIn, numEp) VALUES (1127, 29);
INSERT INTO LesInscriptions (numIn, numEp) VALUES (1128, 10);
INSERT INTO LesInscriptions (numIn, numEp) VALUES (1129, 10);
INSERT INTO LesInscriptions (numIn, numEp) VALUES (1130, 29);
INSERT INTO LesInscriptions (numIn, numEp) VALUES (1131, 16);
INSERT INTO LesInscriptions (numIn, numEp) VALUES (1132, 16);
INSERT INTO LesInscriptions (numIn, numEp) VALUES (1133, 35);
INSERT INTO LesInscriptions (numIn, numEp) VALUES (1134, 35);
INSERT INTO LesInscriptions (numIn, numEp) VALUES (1135, 31);
INSERT INTO LesInscriptions (numIn, numEp) VALUES (1136, 21);
INSERT INTO LesInscriptions (numIn, numEp) VALUES (1136, 29);
INSERT INTO LesInscriptions (numIn, numEp) VALUES (1136, 33);
INSERT INTO LesInscriptions (numIn, numEp) VALUES (1137, 35);
INSERT INTO LesInscriptions (numIn, numEp) VALUES (1138, 35);
INSERT INTO LesInscriptions (numIn, numEp) VALUES (1139, 39);
INSERT INTO LesInscriptions (numIn, numEp) VALUES (1140, 11);
INSERT INTO LesInscriptions (numIn, numEp) VALUES (1142, 31);
INSERT INTO LesInscriptions (numIn, numEp) VALUES (1143, 20);
INSERT INTO LesInscriptions (numIn, numEp) VALUES (1144, 31);
INSERT INTO LesInscriptions (numIn, numEp) VALUES (1145, 18);
INSERT INTO LesInscriptions (numIn, numEp) VALUES (1146, 40);
INSERT INTO LesInscriptions (numIn, numEp) VALUES (1150, 10);
INSERT INTO LesInscriptions (numIn, numEp) VALUES (1151, 35);
INSERT INTO LesInscriptions (numIn, numEp) VALUES (1152, 19);
INSERT INTO LesInscriptions (numIn, numEp) VALUES (1153, 35);
INSERT INTO LesInscriptions (numIn, numEp) VALUES (1154, 16);
INSERT INTO LesInscriptions (numIn, numEp) VALUES (1155, 16);
INSERT INTO LesInscriptions (numIn, numEp) VALUES (1156, 19);
INSERT INTO LesInscriptions (numIn, numEp) VALUES (1157, 29);
INSERT INTO LesInscriptions (numIn, numEp) VALUES (1158, 29);
INSERT INTO LesInscriptions (numIn, numEp) VALUES (1159, 33);
INSERT INTO LesInscriptions (numIn, numEp) VALUES (1160, 33);
INSERT INTO LesInscriptions (numIn, numEp) VALUES (1161, 29);
INSERT INTO LesInscriptions (numIn, numEp) VALUES (1162, 10);
INSERT INTO LesInscriptions (numIn, numEp) VALUES (1163, 8);
INSERT INTO LesInscriptions (numIn, numEp) VALUES (1164, 8);
INSERT INTO LesInscriptions (numIn, numEp) VALUES (1165, 9);
INSERT INTO LesInscriptions (numIn, numEp) VALUES (1165, 12);
INSERT INTO LesInscriptions (numIn, numEp) VALUES (1165, 14);
INSERT INTO LesInscriptions (numIn, numEp) VALUES (1165, 17);
INSERT INTO LesInscriptions (numIn, numEp) VALUES (1166, 23);
INSERT INTO LesInscriptions (numIn, numEp) VALUES (1166, 36);
INSERT INTO LesInscriptions (numIn, numEp) VALUES (1168, 39);
INSERT INTO LesInscriptions (numIn, numEp) VALUES (1169, 39);
INSERT INTO LesInscriptions (numIn, numEp) VALUES (1170, 14);
INSERT INTO LesInscriptions (numIn, numEp) VALUES (1171, 39);
INSERT INTO LesInscriptions (numIn, numEp) VALUES (1172, 21);
INSERT INTO LesInscriptions (numIn, numEp) VALUES (1172, 33);
INSERT INTO LesInscriptions (numIn, numEp) VALUES (1173, 40);
INSERT INTO LesInscriptions (numIn, numEp) VALUES (1174, 13);
INSERT INTO LesInscriptions (numIn, numEp) VALUES (1175, 40);
INSERT INTO LesInscriptions (numIn, numEp) VALUES (1176, 40);
INSERT INTO LesInscriptions (numIn, numEp) VALUES (1177, 40);
INSERT INTO LesInscriptions (numIn, numEp) VALUES (1178, 40);
INSERT INTO LesInscriptions (numIn, numEp) VALUES (1179, 10);
INSERT INTO LesInscriptions (numIn, numEp) VALUES (1180, 4);
INSERT INTO LesInscriptions (numIn, numEp) VALUES (1181, 35);
INSERT INTO LesInscriptions (numIn, numEp) VALUES (1182, 40);
INSERT INTO LesInscriptions (numIn, numEp) VALUES (1183, 35);
INSERT INTO LesInscriptions (numIn, numEp) VALUES (1184, 40);
INSERT INTO LesInscriptions (numIn, numEp) VALUES (1185, 10);
INSERT INTO LesInscriptions (numIn, numEp) VALUES (1186, 39);
INSERT INTO LesInscriptions (numIn, numEp) VALUES (1187, 9);
INSERT INTO LesInscriptions (numIn, numEp) VALUES (1187, 14);
INSERT INTO LesInscriptions (numIn, numEp) VALUES (1188, 27);
INSERT INTO LesInscriptions (numIn, numEp) VALUES (1189, 23);
INSERT INTO LesInscriptions (numIn, numEp) VALUES (1190, 18);
INSERT INTO LesInscriptions (numIn, numEp) VALUES (1190, 19);
INSERT INTO LesInscriptions (numIn, numEp) VALUES (1191, 10);
INSERT INTO LesInscriptions (numIn, numEp) VALUES (1192, 13);
INSERT INTO LesInscriptions (numIn, numEp) VALUES (1193, 10);
INSERT INTO LesInscriptions (numIn, numEp) VALUES (1194, 13);
INSERT INTO LesInscriptions (numIn, numEp) VALUES (1195, 13);
INSERT INTO LesInscriptions (numIn, numEp) VALUES (1196, 11);
INSERT INTO LesInscriptions (numIn, numEp) VALUES (1197, 8);
INSERT INTO LesInscriptions (numIn, numEp) VALUES (1197, 10);
INSERT INTO LesInscriptions (numIn, numEp) VALUES (1197, 13);
INSERT INTO LesInscriptions (numIn, numEp) VALUES (1197, 15);
INSERT INTO LesInscriptions (numIn, numEp) VALUES (1197, 16);
INSERT INTO LesInscriptions (numIn, numEp) VALUES (1198, 21);
INSERT INTO LesInscriptions (numIn, numEp) VALUES (1199, 9);
INSERT INTO LesInscriptions (numIn, numEp) VALUES (1199, 12);
INSERT INTO LesInscriptions (numIn, numEp) VALUES (1199, 14);
INSERT INTO LesInscriptions (numIn, numEp) VALUES (1199, 17);
INSERT INTO LesInscriptions (numIn, numEp) VALUES (1200, 12);
INSERT INTO LesInscriptions (numIn, numEp) VALUES (1201, 14);
INSERT INTO LesInscriptions (numIn, numEp) VALUES (1202, 13);
INSERT INTO LesInscriptions (numIn, numEp) VALUES (1203, 4);
INSERT INTO LesInscriptions (numIn, numEp) VALUES (1204, 4);
INSERT INTO LesInscriptions (numIn, numEp) VALUES (1205, 15);
INSERT INTO LesInscriptions (numIn, numEp) VALUES (1206, 15);
INSERT INTO LesInscriptions (numIn, numEp) VALUES (1207, 15);
INSERT INTO LesInscriptions (numIn, numEp) VALUES (1208, 10);
INSERT INTO LesInscriptions (numIn, numEp) VALUES (1208, 13);
INSERT INTO LesInscriptions (numIn, numEp) VALUES (1208, 15);
INSERT INTO LesInscriptions (numIn, numEp) VALUES (1208, 16);
INSERT INTO LesInscriptions (numIn, numEp) VALUES (1209, 16);
INSERT INTO LesInscriptions (numIn, numEp) VALUES (1211, 16);
INSERT INTO LesInscriptions (numIn, numEp) VALUES (1212, 31);
INSERT INTO LesInscriptions (numIn, numEp) VALUES (1213, 23);
INSERT INTO LesInscriptions (numIn, numEp) VALUES (1214, 9);
INSERT INTO LesInscriptions (numIn, numEp) VALUES (1215, 40);
INSERT INTO LesInscriptions (numIn, numEp) VALUES (1216, 7);
INSERT INTO LesInscriptions (numIn, numEp) VALUES (1217, 21);
INSERT INTO LesInscriptions (numIn, numEp) VALUES (1219, 25);
INSERT INTO LesInscriptions (numIn, numEp) VALUES (1219, 34);
INSERT INTO LesInscriptions (numIn, numEp) VALUES (1220, 25);
INSERT INTO LesInscriptions (numIn, numEp) VALUES (1220, 34);
INSERT INTO LesInscriptions (numIn, numEp) VALUES (1221, 9);
INSERT INTO LesInscriptions (numIn, numEp) VALUES (1222, 9);
INSERT INTO LesInscriptions (numIn, numEp) VALUES (1223, 9);
INSERT INTO LesInscriptions (numIn, numEp) VALUES (1225, 21);
INSERT INTO LesInscriptions (numIn, numEp) VALUES (1226, 15);
INSERT INTO LesInscriptions (numIn, numEp) VALUES (1227, 20);
INSERT INTO LesInscriptions (numIn, numEp) VALUES (1228, 8);
INSERT INTO LesInscriptions (numIn, numEp) VALUES (1228, 10);
INSERT INTO LesInscriptions (numIn, numEp) VALUES (1228, 15);
INSERT INTO LesInscriptions (numIn, numEp) VALUES (1228, 16);
INSERT INTO LesInscriptions (numIn, numEp) VALUES (1229, 13);
INSERT INTO LesInscriptions (numIn, numEp) VALUES (1230, 13);
INSERT INTO LesInscriptions (numIn, numEp) VALUES (1231, 3);
INSERT INTO LesInscriptions (numIn, numEp) VALUES (1232, 23);
INSERT INTO LesInscriptions (numIn, numEp) VALUES (1233, 25);
INSERT INTO LesInscriptions (numIn, numEp) VALUES (1234, 39);
INSERT INTO LesInscriptions (numIn, numEp) VALUES (1235, 25);
INSERT INTO LesInscriptions (numIn, numEp) VALUES (1236, 8);
INSERT INTO LesInscriptions (numIn, numEp) VALUES (1236, 10);
INSERT INTO LesInscriptions (numIn, numEp) VALUES (1236, 13);
INSERT INTO LesInscriptions (numIn, numEp) VALUES (1236, 16);
INSERT INTO LesInscriptions (numIn, numEp) VALUES (1237, 20);
INSERT INTO LesInscriptions (numIn, numEp) VALUES (1238, 20);
INSERT INTO LesInscriptions (numIn, numEp) VALUES (1239, 40);
INSERT INTO LesInscriptions (numIn, numEp) VALUES (1240, 29);
INSERT INTO LesInscriptions (numIn, numEp) VALUES (1240, 31);
INSERT INTO LesInscriptions (numIn, numEp) VALUES (1240, 33);
INSERT INTO LesInscriptions (numIn, numEp) VALUES (1241, 35);
INSERT INTO LesInscriptions (numIn, numEp) VALUES (1242, 33);
INSERT INTO LesInscriptions (numIn, numEp) VALUES (1243, 35);
INSERT INTO LesInscriptions (numIn, numEp) VALUES (1244, 35);
INSERT INTO LesInscriptions (numIn, numEp) VALUES (1245, 33);
INSERT INTO LesInscriptions (numIn, numEp) VALUES (1245, 35);
INSERT INTO LesInscriptions (numIn, numEp) VALUES (1246, 33);
INSERT INTO LesInscriptions (numIn, numEp) VALUES (1246, 35);
INSERT INTO LesInscriptions (numIn, numEp) VALUES (1247, 35);
INSERT INTO LesInscriptions (numIn, numEp) VALUES (1248, 21);
INSERT INTO LesInscriptions (numIn, numEp) VALUES (1248, 31);
INSERT INTO LesInscriptions (numIn, numEp) VALUES (1249, 33);
INSERT INTO LesInscriptions (numIn, numEp) VALUES (1249, 35);
INSERT INTO LesInscriptions (numIn, numEp) VALUES (1250, 20);
INSERT INTO LesInscriptions (numIn, numEp) VALUES (1251, 21);
INSERT INTO LesInscriptions (numIn, numEp) VALUES (1252, 21);
INSERT INTO LesInscriptions (numIn, numEp) VALUES (1253, 34);
INSERT INTO LesInscriptions (numIn, numEp) VALUES (1254, 36);
INSERT INTO LesInscriptions (numIn, numEp) VALUES (1255, 29);
INSERT INTO LesInscriptions (numIn, numEp) VALUES (1256, 29);
INSERT INTO LesInscriptions (numIn, numEp) VALUES (1257, 39);
INSERT INTO LesInscriptions (numIn, numEp) VALUES (1258, 15);
INSERT INTO LesInscriptions (numIn, numEp) VALUES (1259, 15);
INSERT INTO LesInscriptions (numIn, numEp) VALUES (1260, 19);
INSERT INTO LesInscriptions (numIn, numEp) VALUES (1260, 29);
INSERT INTO LesInscriptions (numIn, numEp) VALUES (1261, 20);
INSERT INTO LesInscriptions (numIn, numEp) VALUES (1262, 15);
INSERT INTO LesInscriptions (numIn, numEp) VALUES (1263, 8);
INSERT INTO LesInscriptions (numIn, numEp) VALUES (1264, 8);
INSERT INTO LesInscriptions (numIn, numEp) VALUES (1265, 39);
INSERT INTO LesInscriptions (numIn, numEp) VALUES (1266, 3);
INSERT INTO LesInscriptions (numIn, numEp) VALUES (1267, 11);
INSERT INTO LesInscriptions (numIn, numEp) VALUES (1268, 9);
INSERT INTO LesInscriptions (numIn, numEp) VALUES (1269, 40);
INSERT INTO LesInscriptions (numIn, numEp) VALUES (1272, 40);
INSERT INTO LesInscriptions (numIn, numEp) VALUES (1273, 8);
INSERT INTO LesInscriptions (numIn, numEp) VALUES (1273, 15);
INSERT INTO LesInscriptions (numIn, numEp) VALUES (1274, 15);
INSERT INTO LesInscriptions (numIn, numEp) VALUES (1275, 8);
INSERT INTO LesInscriptions (numIn, numEp) VALUES (1275, 15);
INSERT INTO LesInscriptions (numIn, numEp) VALUES (1276, 8);
INSERT INTO LesInscriptions (numIn, numEp) VALUES (1276, 15);
INSERT INTO LesInscriptions (numIn, numEp) VALUES (1277, 8);
INSERT INTO LesInscriptions (numIn, numEp) VALUES (1277, 15);
INSERT INTO LesInscriptions (numIn, numEp) VALUES (1279, 8);
INSERT INTO LesInscriptions (numIn, numEp) VALUES (1280, 16);
INSERT INTO LesInscriptions (numIn, numEp) VALUES (1281, 8);
INSERT INTO LesInscriptions (numIn, numEp) VALUES (1282, 3);
INSERT INTO LesInscriptions (numIn, numEp) VALUES (1284, 9);
INSERT INTO LesInscriptions (numIn, numEp) VALUES (1284, 12);
INSERT INTO LesInscriptions (numIn, numEp) VALUES (1284, 14);
INSERT INTO LesInscriptions (numIn, numEp) VALUES (1286, 11);
INSERT INTO LesInscriptions (numIn, numEp) VALUES (1287, 17);
INSERT INTO LesInscriptions (numIn, numEp) VALUES (1288, 23);
INSERT INTO LesInscriptions (numIn, numEp) VALUES (1289, 23);
INSERT INTO LesInscriptions (numIn, numEp) VALUES (1290, 20);
INSERT INTO LesInscriptions (numIn, numEp) VALUES (1296, 4);
INSERT INTO LesInscriptions (numIn, numEp) VALUES (1297, 18);
INSERT INTO LesInscriptions (numIn, numEp) VALUES (1298, 15);
INSERT INTO LesInscriptions (numIn, numEp) VALUES (1299, 16);
INSERT INTO LesInscriptions (numIn, numEp) VALUES (1300, 16);
INSERT INTO LesInscriptions (numIn, numEp) VALUES (1301, 16);
INSERT INTO LesInscriptions (numIn, numEp) VALUES (1302, 16);
INSERT INTO LesInscriptions (numIn, numEp) VALUES (1303, 40);
INSERT INTO LesInscriptions (numIn, numEp) VALUES (1304, 16);
INSERT INTO LesInscriptions (numIn, numEp) VALUES (1305, 18);
INSERT INTO LesInscriptions (numIn, numEp) VALUES (1306, 18);
INSERT INTO LesInscriptions (numIn, numEp) VALUES (1307, 19);
INSERT INTO LesInscriptions (numIn, numEp) VALUES (1308, 16);

INSERT INTO LesResultats (numEp, gold, silver, bronze) VALUES (3, 1282, 1231, 1073);
INSERT INTO LesResultats (numEp, gold, silver, bronze) VALUES (4, 1121, 1081, 1296);
INSERT INTO LesResultats (numEp, gold, silver, bronze) VALUES (5, 76, 11, 60);
INSERT INTO LesResultats (numEp, gold, silver, bronze) VALUES (8, 1276, 1030, 1281);
INSERT INTO LesResultats (numEp, gold, silver, bronze) VALUES (1, 25, 17, 27);
INSERT INTO LesResultats (numEp, gold, silver, bronze) VALUES (15, 1276, 1085, 1087);